[{"model": "auth.permission", "pk": 1, "fields": {"name": "Can add log entry", "content_type": 1, "codename": "add_logentry"}}, {"model": "auth.permission", "pk": 2, "fields": {"name": "Can change log entry", "content_type": 1, "codename": "change_logentry"}}, {"model": "auth.permission", "pk": 3, "fields": {"name": "Can delete log entry", "content_type": 1, "codename": "delete_logentry"}}, {"model": "auth.permission", "pk": 4, "fields": {"name": "Can view log entry", "content_type": 1, "codename": "view_logentry"}}, {"model": "auth.permission", "pk": 5, "fields": {"name": "Can add permission", "content_type": 2, "codename": "add_permission"}}, {"model": "auth.permission", "pk": 6, "fields": {"name": "Can change permission", "content_type": 2, "codename": "change_permission"}}, {"model": "auth.permission", "pk": 7, "fields": {"name": "Can delete permission", "content_type": 2, "codename": "delete_permission"}}, {"model": "auth.permission", "pk": 8, "fields": {"name": "Can view permission", "content_type": 2, "codename": "view_permission"}}, {"model": "auth.permission", "pk": 9, "fields": {"name": "Can add group", "content_type": 3, "codename": "add_group"}}, {"model": "auth.permission", "pk": 10, "fields": {"name": "Can change group", "content_type": 3, "codename": "change_group"}}, {"model": "auth.permission", "pk": 11, "fields": {"name": "Can delete group", "content_type": 3, "codename": "delete_group"}}, {"model": "auth.permission", "pk": 12, "fields": {"name": "Can view group", "content_type": 3, "codename": "view_group"}}, {"model": "auth.permission", "pk": 13, "fields": {"name": "Can add content type", "content_type": 4, "codename": "add_contenttype"}}, {"model": "auth.permission", "pk": 14, "fields": {"name": "Can change content type", "content_type": 4, "codename": "change_contenttype"}}, {"model": "auth.permission", "pk": 15, "fields": {"name": "Can delete content type", "content_type": 4, "codename": "delete_contenttype"}}, {"model": "auth.permission", "pk": 16, "fields": {"name": "Can view content type", "content_type": 4, "codename": "view_contenttype"}}, {"model": "auth.permission", "pk": 17, "fields": {"name": "Can add session", "content_type": 5, "codename": "add_session"}}, {"model": "auth.permission", "pk": 18, "fields": {"name": "Can change session", "content_type": 5, "codename": "change_session"}}, {"model": "auth.permission", "pk": 19, "fields": {"name": "Can delete session", "content_type": 5, "codename": "delete_session"}}, {"model": "auth.permission", "pk": 20, "fields": {"name": "Can view session", "content_type": 5, "codename": "view_session"}}, {"model": "auth.permission", "pk": 21, "fields": {"name": "Can add user", "content_type": 6, "codename": "add_user"}}, {"model": "auth.permission", "pk": 22, "fields": {"name": "Can change user", "content_type": 6, "codename": "change_user"}}, {"model": "auth.permission", "pk": 23, "fields": {"name": "Can delete user", "content_type": 6, "codename": "delete_user"}}, {"model": "auth.permission", "pk": 24, "fields": {"name": "Can view user", "content_type": 6, "codename": "view_user"}}, {"model": "auth.permission", "pk": 25, "fields": {"name": "Can add banner image", "content_type": 7, "codename": "add_bannerimage"}}, {"model": "auth.permission", "pk": 26, "fields": {"name": "Can change banner image", "content_type": 7, "codename": "change_bannerimage"}}, {"model": "auth.permission", "pk": 27, "fields": {"name": "Can delete banner image", "content_type": 7, "codename": "delete_bannerimage"}}, {"model": "auth.permission", "pk": 28, "fields": {"name": "Can view banner image", "content_type": 7, "codename": "view_bannerimage"}}, {"model": "auth.permission", "pk": 29, "fields": {"name": "Can add brand", "content_type": 8, "codename": "add_brand"}}, {"model": "auth.permission", "pk": 30, "fields": {"name": "Can change brand", "content_type": 8, "codename": "change_brand"}}, {"model": "auth.permission", "pk": 31, "fields": {"name": "Can delete brand", "content_type": 8, "codename": "delete_brand"}}, {"model": "auth.permission", "pk": 32, "fields": {"name": "Can view brand", "content_type": 8, "codename": "view_brand"}}, {"model": "auth.permission", "pk": 33, "fields": {"name": "Can add brand model", "content_type": 9, "codename": "add_brandmodel"}}, {"model": "auth.permission", "pk": 34, "fields": {"name": "Can change brand model", "content_type": 9, "codename": "change_brandmodel"}}, {"model": "auth.permission", "pk": 35, "fields": {"name": "Can delete brand model", "content_type": 9, "codename": "delete_brandmodel"}}, {"model": "auth.permission", "pk": 36, "fields": {"name": "Can view brand model", "content_type": 9, "codename": "view_brandmodel"}}, {"model": "auth.permission", "pk": 37, "fields": {"name": "Can add customer registration", "content_type": 10, "codename": "add_customerregistration"}}, {"model": "auth.permission", "pk": 38, "fields": {"name": "Can change customer registration", "content_type": 10, "codename": "change_customerregistration"}}, {"model": "auth.permission", "pk": 39, "fields": {"name": "Can delete customer registration", "content_type": 10, "codename": "delete_customerregistration"}}, {"model": "auth.permission", "pk": 40, "fields": {"name": "Can view customer registration", "content_type": 10, "codename": "view_customerregistration"}}, {"model": "auth.permission", "pk": 41, "fields": {"name": "Can add device type", "content_type": 11, "codename": "add_devicetype"}}, {"model": "auth.permission", "pk": 42, "fields": {"name": "Can change device type", "content_type": 11, "codename": "change_devicetype"}}, {"model": "auth.permission", "pk": 43, "fields": {"name": "Can delete device type", "content_type": 11, "codename": "delete_devicetype"}}, {"model": "auth.permission", "pk": 44, "fields": {"name": "Can view device type", "content_type": 11, "codename": "view_devicetype"}}, {"model": "auth.permission", "pk": 45, "fields": {"name": "Can add franchise", "content_type": 12, "codename": "add_franchise"}}, {"model": "auth.permission", "pk": 46, "fields": {"name": "Can change franchise", "content_type": 12, "codename": "change_franchise"}}, {"model": "auth.permission", "pk": 47, "fields": {"name": "Can delete franchise", "content_type": 12, "codename": "delete_franchise"}}, {"model": "auth.permission", "pk": 48, "fields": {"name": "Can view franchise", "content_type": 12, "codename": "view_franchise"}}, {"model": "auth.permission", "pk": 49, "fields": {"name": "Can add model specifications", "content_type": 13, "codename": "add_modelspecifications"}}, {"model": "auth.permission", "pk": 50, "fields": {"name": "Can change model specifications", "content_type": 13, "codename": "change_modelspecifications"}}, {"model": "auth.permission", "pk": 51, "fields": {"name": "Can delete model specifications", "content_type": 13, "codename": "delete_modelspecifications"}}, {"model": "auth.permission", "pk": 52, "fields": {"name": "Can view model specifications", "content_type": 13, "codename": "view_modelspecifications"}}, {"model": "auth.permission", "pk": 53, "fields": {"name": "Can add offer", "content_type": 14, "codename": "add_offer"}}, {"model": "auth.permission", "pk": 54, "fields": {"name": "Can change offer", "content_type": 14, "codename": "change_offer"}}, {"model": "auth.permission", "pk": 55, "fields": {"name": "Can delete offer", "content_type": 14, "codename": "delete_offer"}}, {"model": "auth.permission", "pk": 56, "fields": {"name": "Can view offer", "content_type": 14, "codename": "view_offer"}}, {"model": "auth.permission", "pk": 57, "fields": {"name": "Can add order payment", "content_type": 15, "codename": "add_orderpayment"}}, {"model": "auth.permission", "pk": 58, "fields": {"name": "Can change order payment", "content_type": 15, "codename": "change_orderpayment"}}, {"model": "auth.permission", "pk": 59, "fields": {"name": "Can delete order payment", "content_type": 15, "codename": "delete_orderpayment"}}, {"model": "auth.permission", "pk": 60, "fields": {"name": "Can view order payment", "content_type": 15, "codename": "view_orderpayment"}}, {"model": "auth.permission", "pk": 61, "fields": {"name": "Can add question", "content_type": 16, "codename": "add_question"}}, {"model": "auth.permission", "pk": 62, "fields": {"name": "Can change question", "content_type": 16, "codename": "change_question"}}, {"model": "auth.permission", "pk": 63, "fields": {"name": "Can delete question", "content_type": 16, "codename": "delete_question"}}, {"model": "auth.permission", "pk": 64, "fields": {"name": "Can view question", "content_type": 16, "codename": "view_question"}}, {"model": "auth.permission", "pk": 65, "fields": {"name": "Can add question option", "content_type": 17, "codename": "add_questionoption"}}, {"model": "auth.permission", "pk": 66, "fields": {"name": "Can change question option", "content_type": 17, "codename": "change_questionoption"}}, {"model": "auth.permission", "pk": 67, "fields": {"name": "Can delete question option", "content_type": 17, "codename": "delete_questionoption"}}, {"model": "auth.permission", "pk": 68, "fields": {"name": "Can view question option", "content_type": 17, "codename": "view_questionoption"}}, {"model": "auth.permission", "pk": 69, "fields": {"name": "Can add user request", "content_type": 18, "codename": "add_userrequest"}}, {"model": "auth.permission", "pk": 70, "fields": {"name": "Can change user request", "content_type": 18, "codename": "change_userrequest"}}, {"model": "auth.permission", "pk": 71, "fields": {"name": "Can delete user request", "content_type": 18, "codename": "delete_userrequest"}}, {"model": "auth.permission", "pk": 72, "fields": {"name": "Can view user request", "content_type": 18, "codename": "view_userrequest"}}, {"model": "auth.permission", "pk": 73, "fields": {"name": "Can add user reply", "content_type": 19, "codename": "add_userreply"}}, {"model": "auth.permission", "pk": 74, "fields": {"name": "Can change user reply", "content_type": 19, "codename": "change_userreply"}}, {"model": "auth.permission", "pk": 75, "fields": {"name": "Can delete user reply", "content_type": 19, "codename": "delete_userreply"}}, {"model": "auth.permission", "pk": 76, "fields": {"name": "Can view user reply", "content_type": 19, "codename": "view_userreply"}}, {"model": "auth.permission", "pk": 77, "fields": {"name": "Can add pick up boy", "content_type": 20, "codename": "add_pickupboy"}}, {"model": "auth.permission", "pk": 78, "fields": {"name": "Can change pick up boy", "content_type": 20, "codename": "change_pickupboy"}}, {"model": "auth.permission", "pk": 79, "fields": {"name": "Can delete pick up boy", "content_type": 20, "codename": "delete_pickupboy"}}, {"model": "auth.permission", "pk": 80, "fields": {"name": "Can view pick up boy", "content_type": 20, "codename": "view_pickupboy"}}, {"model": "auth.permission", "pk": 81, "fields": {"name": "Can add franchise wallet", "content_type": 21, "codename": "add_franchisewallet"}}, {"model": "auth.permission", "pk": 82, "fields": {"name": "Can change franchise wallet", "content_type": 21, "codename": "change_franchisewallet"}}, {"model": "auth.permission", "pk": 83, "fields": {"name": "Can delete franchise wallet", "content_type": 21, "codename": "delete_franchisewallet"}}, {"model": "auth.permission", "pk": 84, "fields": {"name": "Can view franchise wallet", "content_type": 21, "codename": "view_franchisewallet"}}, {"model": "auth.permission", "pk": 85, "fields": {"name": "Can add customer profile", "content_type": 22, "codename": "add_customerprofile"}}, {"model": "auth.permission", "pk": 86, "fields": {"name": "Can change customer profile", "content_type": 22, "codename": "change_customerprofile"}}, {"model": "auth.permission", "pk": 87, "fields": {"name": "Can delete customer profile", "content_type": 22, "codename": "delete_customerprofile"}}, {"model": "auth.permission", "pk": 88, "fields": {"name": "Can view customer profile", "content_type": 22, "codename": "view_customerprofile"}}, {"model": "auth.permission", "pk": 89, "fields": {"name": "Can add admin wallet", "content_type": 23, "codename": "add_adminwallet"}}, {"model": "auth.permission", "pk": 90, "fields": {"name": "Can change admin wallet", "content_type": 23, "codename": "change_adminwallet"}}, {"model": "auth.permission", "pk": 91, "fields": {"name": "Can delete admin wallet", "content_type": 23, "codename": "delete_adminwallet"}}, {"model": "auth.permission", "pk": 92, "fields": {"name": "Can view admin wallet", "content_type": 23, "codename": "view_adminwallet"}}, {"model": "auth.permission", "pk": 93, "fields": {"name": "Can add admin send record", "content_type": 24, "codename": "add_adminsendrecord"}}, {"model": "auth.permission", "pk": 94, "fields": {"name": "Can change admin send record", "content_type": 24, "codename": "change_adminsendrecord"}}, {"model": "auth.permission", "pk": 95, "fields": {"name": "Can delete admin send record", "content_type": 24, "codename": "delete_adminsendrecord"}}, {"model": "auth.permission", "pk": 96, "fields": {"name": "Can view admin send record", "content_type": 24, "codename": "view_adminsendrecord"}}, {"model": "auth.permission", "pk": 97, "fields": {"name": "Can add city", "content_type": 25, "codename": "add_city"}}, {"model": "auth.permission", "pk": 98, "fields": {"name": "Can change city", "content_type": 25, "codename": "change_city"}}, {"model": "auth.permission", "pk": 99, "fields": {"name": "Can delete city", "content_type": 25, "codename": "delete_city"}}, {"model": "auth.permission", "pk": 100, "fields": {"name": "Can view city", "content_type": 25, "codename": "view_city"}}, {"model": "auth.permission", "pk": 101, "fields": {"name": "Can add banner image", "content_type": 26, "codename": "add_bannerimage"}}, {"model": "auth.permission", "pk": 102, "fields": {"name": "Can change banner image", "content_type": 26, "codename": "change_bannerimage"}}, {"model": "auth.permission", "pk": 103, "fields": {"name": "Can delete banner image", "content_type": 26, "codename": "delete_bannerimage"}}, {"model": "auth.permission", "pk": 104, "fields": {"name": "Can view banner image", "content_type": 26, "codename": "view_bannerimage"}}, {"model": "auth.permission", "pk": 105, "fields": {"name": "Can add offer", "content_type": 27, "codename": "add_offer"}}, {"model": "auth.permission", "pk": 106, "fields": {"name": "Can change offer", "content_type": 27, "codename": "change_offer"}}, {"model": "auth.permission", "pk": 107, "fields": {"name": "Can delete offer", "content_type": 27, "codename": "delete_offer"}}, {"model": "auth.permission", "pk": 108, "fields": {"name": "Can view offer", "content_type": 27, "codename": "view_offer"}}, {"model": "auth.permission", "pk": 109, "fields": {"name": "Can add team", "content_type": 28, "codename": "add_team"}}, {"model": "auth.permission", "pk": 110, "fields": {"name": "Can change team", "content_type": 28, "codename": "change_team"}}, {"model": "auth.permission", "pk": 111, "fields": {"name": "Can delete team", "content_type": 28, "codename": "delete_team"}}, {"model": "auth.permission", "pk": 112, "fields": {"name": "Can view team", "content_type": 28, "codename": "view_team"}}, {"model": "auth.permission", "pk": 113, "fields": {"name": "Can add contact", "content_type": 29, "codename": "add_contact"}}, {"model": "auth.permission", "pk": 114, "fields": {"name": "Can change contact", "content_type": 29, "codename": "change_contact"}}, {"model": "auth.permission", "pk": 115, "fields": {"name": "Can delete contact", "content_type": 29, "codename": "delete_contact"}}, {"model": "auth.permission", "pk": 116, "fields": {"name": "Can view contact", "content_type": 29, "codename": "view_contact"}}, {"model": "auth.permission", "pk": 117, "fields": {"name": "Can add variant", "content_type": 13, "codename": "add_variant"}}, {"model": "auth.permission", "pk": 118, "fields": {"name": "Can change variant", "content_type": 13, "codename": "change_variant"}}, {"model": "auth.permission", "pk": 119, "fields": {"name": "Can delete variant", "content_type": 13, "codename": "delete_variant"}}, {"model": "auth.permission", "pk": 120, "fields": {"name": "Can view variant", "content_type": 13, "codename": "view_variant"}}, {"model": "auth.permission", "pk": 121, "fields": {"name": "Can add pickup data", "content_type": 30, "codename": "add_pickupdata"}}, {"model": "auth.permission", "pk": 122, "fields": {"name": "Can change pickup data", "content_type": 30, "codename": "change_pickupdata"}}, {"model": "auth.permission", "pk": 123, "fields": {"name": "Can delete pickup data", "content_type": 30, "codename": "delete_pickupdata"}}, {"model": "auth.permission", "pk": 124, "fields": {"name": "Can view pickup data", "content_type": 30, "codename": "view_pickupdata"}}, {"model": "auth.permission", "pk": 125, "fields": {"name": "Can add otp model", "content_type": 31, "codename": "add_otpmodel"}}, {"model": "auth.permission", "pk": 126, "fields": {"name": "Can change otp model", "content_type": 31, "codename": "change_otpmodel"}}, {"model": "auth.permission", "pk": 127, "fields": {"name": "Can delete otp model", "content_type": 31, "codename": "delete_otpmodel"}}, {"model": "auth.permission", "pk": 128, "fields": {"name": "Can view otp model", "content_type": 31, "codename": "view_otpmodel"}}, {"model": "official.user", "pk": 16, "fields": {"password": "pbkdf2_sha256$390000$blRlJz8m84OX1MZkeWHW0r$9H+TEDt15uJsjXiJOlu617RJBD7fjH9B2RVxSNPg84g=", "last_login": "2022-12-16T06:06:08Z", "is_superuser": false, "first_name": "", "last_name": "", "date_joined": "2022-11-12T05:41:21Z", "email": "admin@gmail.com", "phone_number": "8547768153", "franchise": null, "pickup_boy": null, "customer": 10, "is_franchise": false, "is_pickupboy": false, "is_customer": true, "is_active": true, "is_staff": false, "groups": [], "user_permissions": []}}, {"model": "official.user", "pk": 28, "fields": {"password": "pbkdf2_sha256$390000$KTroJRkVazcUrGTUNYJjCk$iZcJ9MEpR/s+yx7TUjCr0CLi92G2jvWL1zUNjhVW5CY=", "last_login": "2022-12-29T15:25:57Z", "is_superuser": false, "first_name": "", "last_name": "", "date_joined": "2022-11-23T04:28:02Z", "email": "", "phone_number": "9876543211", "franchise": 10, "pickup_boy": null, "customer": null, "is_franchise": true, "is_pickupboy": false, "is_customer": false, "is_active": true, "is_staff": false, "groups": [], "user_permissions": []}}, {"model": "official.user", "pk": 29, "fields": {"password": "pbkdf2_sha256$390000$Crthluw1shAZ6jdOg0V91R$kPEsSjUWoY+blxpTjXpgONU1ekqMZul7o7JiMp8l4XU=", "last_login": "2023-01-25T17:42:08.356Z", "is_superuser": false, "first_name": "", "last_name": "", "date_joined": "2022-11-23T04:36:16Z", "email": "", "phone_number": "9876543212", "franchise": null, "pickup_boy": 13, "customer": null, "is_franchise": false, "is_pickupboy": true, "is_customer": false, "is_active": true, "is_staff": false, "groups": [], "user_permissions": []}}, {"model": "official.user", "pk": 30, "fields": {"password": "pbkdf2_sha256$390000$NJy0NJ3WvJOffRszXnqSkD$CB6D9jLlrBNrvLX3urMIaj2LqtbBB3c79cmSQ/xFeK0=", "last_login": "2023-01-25T23:18:45.990Z", "is_superuser": false, "first_name": "", "last_name": "", "date_joined": "2022-11-23T11:19:15Z", "email": "", "phone_number": "8086634711", "franchise": 11, "pickup_boy": null, "customer": null, "is_franchise": true, "is_pickupboy": false, "is_customer": false, "is_active": true, "is_staff": false, "groups": [], "user_permissions": []}}, {"model": "official.user", "pk": 31, "fields": {"password": "pbkdf2_sha256$390000$ydTXz4apTnh9LlnSY1gGDM$DN+lOKG+IzdKbZKrZMK9FTyrs1JKYOs2q4n4vaRQHNI=", "last_login": "2023-01-25T23:21:52.232Z", "is_superuser": true, "first_name": "", "last_name": "", "date_joined": "2022-12-29T22:48:06.585Z", "email": null, "phone_number": "9876543210", "franchise": null, "pickup_boy": null, "customer": null, "is_franchise": false, "is_pickupboy": false, "is_customer": false, "is_active": true, "is_staff": true, "groups": [], "user_permissions": []}}, {"model": "official.franchise", "pk": 10, "fields": {"franchise_id": "01", "name": "calicut", "email": "viveknhc@gmail.com", "phone": "09876", "photo": "franchise/bang.png", "address": "address", "password": "12345"}}, {"model": "official.franchise", "pk": 11, "fields": {"franchise_id": "56789", "name": "realme 2", "email": "viveknhc@gmail.com", "phone": "98765", "photo": "franchise/banner-10_iwHpLnK.jpg", "address": "yyt", "password": "12345"}}, {"model": "official.pickupboy", "pk": 13, "fields": {"franchise": 11, "pickup_id": "02", "name": "shilpa", "email": "shilpasasidharan97@gmail.com", "phone": "56789", "photo": "franchise/menu-banner-8.jpg", "place": "QABwzSdivI", "address": "LxmADVrwHb", "password": "12345"}}, {"model": "official.customerregistration", "pk": 1, "fields": {"name": "vivek", "email": "viveknhc@gmail.com", "phone_number": "+918547768153", "password": "1234"}}, {"model": "official.customerregistration", "pk": 2, "fields": {"name": "shilpa", "email": "shilpasasidharan97@gmail.com", "phone_number": "+918547768153", "password": "12"}}, {"model": "official.customerregistration", "pk": 3, "fields": {"name": "shilpa", "email": "shilpasasidharan97@gmail.com", "phone_number": "+918547768153", "password": "12"}}, {"model": "official.customerregistration", "pk": 4, "fields": {"name": "vivek", "email": "shilpasasidharan97@gmail.com", "phone_number": "+918547768153", "password": "12"}}, {"model": "official.customerregistration", "pk": 5, "fields": {"name": "vivek", "email": "shilpasasidharan97@gmail.com", "phone_number": "+918547768153", "password": "123"}}, {"model": "official.customerregistration", "pk": 6, "fields": {"name": "vivek", "email": "viveknhc@gmail.com", "phone_number": "+918547768153", "password": "12"}}, {"model": "official.customerregistration", "pk": 7, "fields": {"name": "swathi", "email": "viveknhc@gmail.com", "phone_number": "8547768153+91", "password": "1234"}}, {"model": "official.customerregistration", "pk": 8, "fields": {"name": "vivek", "email": "viveknhc@gmail.com", "phone_number": "8547768153+91", "password": "12"}}, {"model": "official.customerregistration", "pk": 9, "fields": {"name": "vivek", "email": "viveknhc@gmail.com", "phone_number": "+918547768153", "password": "12"}}, {"model": "official.customerregistration", "pk": 10, "fields": {"name": "aswandh", "email": "admin@gmail.com", "phone_number": "+918547768153", "password": "12"}}, {"model": "official.customerregistration", "pk": 11, "fields": {"name": "Lesley Slater", "email": "naqatil@mailinator.com", "phone_number": "+220+1 (254) 472-1295", "password": "Pa$$w0rd!"}}, {"model": "official.customerprofile", "pk": 9, "fields": {"user": 16, "auth_token": "HGY2KKMSQS63O6YXGMKJDRSY2HCUVTD4", "test_id": "75b933d5-8b10-4332-bb39-1f189795d08e", "forget_password_token": ""}}, {"model": "official.brand", "pk": 4, "fields": {"image": "Brand/real.jpg", "name": "RealMe", "slug": "realme", "references": null}}, {"model": "official.brand", "pk": 9, "fields": {"image": "Brand/apple.jpg", "name": "Apple", "slug": "apple", "references": null}}, {"model": "official.brand", "pk": 11, "fields": {"image": "Brand/iqoo.jpg", "name": "Iqoo", "slug": "iqoo", "references": null}}, {"model": "official.brand", "pk": 12, "fields": {"image": "Brand/mi.jpg", "name": "mi", "slug": "mi", "references": null}}, {"model": "official.brand", "pk": 13, "fields": {"image": "Brand/lenovo.jpg", "name": "lenovo", "slug": "lenovo", "references": null}}, {"model": "official.brand", "pk": 15, "fields": {"image": "Brand/honor.jpg", "name": "HONOR", "slug": "honor", "references": null}}, {"model": "official.brand", "pk": 16, "fields": {"image": "Brand/nok.jpg", "name": "Nokia", "slug": "nokia", "references": null}}, {"model": "official.brand", "pk": 17, "fields": {"image": "Brand/one.jpg", "name": "Oneplus", "slug": "oneplus", "references": null}}, {"model": "official.brand", "pk": 18, "fields": {"image": "Brand/sam.jpg", "name": "Samsung", "slug": "samsung", "references": null}}, {"model": "official.brand", "pk": 19, "fields": {"image": "Brand/oppo.jpg", "name": "Oppo", "slug": "oppo", "references": null}}, {"model": "official.brand", "pk": 21, "fields": {"image": "Brand/moto.jpg", "name": "Motorola", "slug": "motorola", "references": null}}, {"model": "official.brand", "pk": 22, "fields": {"image": "Brand/vivo.jpg", "name": "Vivo", "slug": "vivo", "references": null}}, {"model": "official.brand", "pk": 23, "fields": {"image": "Brand/nothing.jpg", "name": "Nothing", "slug": "nothing", "references": null}}, {"model": "official.brand", "pk": 24, "fields": {"image": "Brand/google_29yozRA.jpg", "name": "Google", "slug": "google", "references": null}}, {"model": "official.brand", "pk": 25, "fields": {"image": "Brand/poco.jpg", "name": "Poco", "slug": "poco", "references": null}}, {"model": "official.brand", "pk": 26, "fields": {"image": "Brand/acer.png", "name": "Acer", "slug": "acer", "references": null}}, {"model": "official.devicetype", "pk": 1, "fields": {"device_type": "Mobile"}}, {"model": "official.devicetype", "pk": 2, "fields": {"device_type": "TV"}}, {"model": "official.devicetype", "pk": 3, "fields": {"device_type": "Laptop"}}, {"model": "official.franchisewallet", "pk": 10, "fields": {"franchise": 11, "amount": 5000.0, "date": "2022-12-07T09:23:05.913Z", "type": "to_franchise"}}, {"model": "official.franchisewallet", "pk": 11, "fields": {"franchise": 11, "amount": 500.0, "date": "2023-01-25T12:44:49.576Z", "type": "to_admin"}}, {"model": "official.questionoption", "pk": 26, "fields": {"question": 102, "image": "", "text": "Yes", "identifier": "With Valid Bill"}}, {"model": "official.questionoption", "pk": 27, "fields": {"question": 102, "image": "", "text": "No", "identifier": "Without Bill"}}, {"model": "official.questionoption", "pk": 28, "fields": {"question": 98, "image": "", "text": "Yes", "identifier": "Able to make and receive calls"}}, {"model": "official.questionoption", "pk": 29, "fields": {"question": 98, "image": "", "text": "No", "identifier": "Not Able to make and receive calls"}}, {"model": "official.questionoption", "pk": 30, "fields": {"question": 101, "image": "", "text": "Yes", "identifier": "Under Warranty"}}, {"model": "official.questionoption", "pk": 31, "fields": {"question": 101, "image": "", "text": "No", "identifier": "Not Under Warranty"}}, {"model": "official.questionoption", "pk": 32, "fields": {"question": 100, "image": "", "text": "Yes", "identifier": "Original Screen"}}, {"model": "official.questionoption", "pk": 33, "fields": {"question": 100, "image": "", "text": "No", "identifier": "Not Original Screen"}}, {"model": "official.questionoption", "pk": 34, "fields": {"question": 99, "image": "", "text": "Yes", "identifier": "Touch Working"}}, {"model": "official.questionoption", "pk": 35, "fields": {"question": 99, "image": "", "text": "No", "identifier": "Touch Faulty"}}, {"model": "official.questionoption", "pk": 36, "fields": {"question": 103, "image": "Question Image/62a31a9a6c17e.png", "text": "Broken/scratch on device screen", "identifier": "Broken/scratch on device screen"}}, {"model": "official.questionoption", "pk": 37, "fields": {"question": 103, "image": "Question Image/62a31ad88c473.png", "text": "Dead spot/visible lines on screen", "identifier": "Dead spot/visible lines on screen"}}, {"model": "official.questionoption", "pk": 38, "fields": {"question": 103, "image": "Question Image/62a31b0b3b18d.png", "text": "Scratch/Dent on device body", "identifier": "Scratch/Dent on device body"}}, {"model": "official.questionoption", "pk": 39, "fields": {"question": 103, "image": "Question Image/62a87a14b538f.png", "text": "Device panel missing/broken", "identifier": "Device panel missing/broken"}}, {"model": "official.question", "pk": 98, "fields": {"question_type": "Objective", "question": "Are you able to make and receive calls?", "subtext": "Check your device for cellular network connectivity issues."}}, {"model": "official.question", "pk": 99, "fields": {"question_type": "Objective", "question": "Is your device's touch screen working properly?", "subtext": "Check the touch screen functionality of your phone."}}, {"model": "official.question", "pk": 100, "fields": {"question_type": "Objective", "question": "Is your phone's screen original?", "subtext": "Pick \"Yes\" if screen was never changed or was changed by Authorized Service Center. Pick \"No\" if screen was changed at local shop."}}, {"model": "official.question", "pk": 101, "fields": {"question_type": "Objective", "question": "Is your device under brand warranty?", "subtext": "You can get a better price for your device if it's under brand's warranty with a valid bill."}}, {"model": "official.question", "pk": 102, "fields": {"question_type": "Objective", "question": "Do you have valid bill with same IMEI?", "subtext": "Make sure your bill has device IMEI mentioned on it."}}, {"model": "official.question", "pk": 103, "fields": {"question_type": "MCQ", "question": "Select screen/body defects that are applicable!", "subtext": null}}, {"model": "main.bannerimage", "pk": 1, "fields": {"name": "Banner 2", "image": "banners/b1.jpg", "link": null}}, {"model": "main.bannerimage", "pk": 2, "fields": {"name": "Banner 1", "image": "banners/b2.jpg", "link": null}}, {"model": "main.offer", "pk": 1, "fields": {"offer": "offers/bnre1.jpg"}}, {"model": "main.offer", "pk": 2, "fields": {"offer": "offers/bnre2.jpg"}}, {"model": "main.offer", "pk": 3, "fields": {"offer": "offers/bnre2_lZYYLGp.jpg"}}, {"model": "main.team", "pk": 1, "fields": {"image": "team/photo-1495603889488-42d1d66e5523.jpeg", "name": "Alex Carry", "designation": "CFO", "description": "Lorem ipsum dolor sit amet consectetur adipisicing elit. Amet nemo harum repellendus aut itaque. Temporibus quaerat dolores ut, cupiditate molestiae commodi! Distinctio praesentium, debitis aut minima doloribus earum quia commodi."}}, {"model": "main.team", "pk": 2, "fields": {"image": "team/photo-1495603889488-42d1d66e5523_c3d9r0u.jpeg", "name": "John Smith", "designation": "CFO", "description": "Lorem ipsum dolor sit amet consectetur adipisicing elit. Amet nemo harum repellendus aut itaque. Temporibus quaerat dolores ut, cupiditate molestiae commodi! Distinctio praesentium, debitis aut minima doloribus earum quia commodi."}}, {"model": "main.team", "pk": 3, "fields": {"image": "team/photo-1495603889488-42d1d66e5523_dQgkHs7.jpeg", "name": "George Alex", "designation": "CFO", "description": "Lorem ipsum dolor sit amet consectetur adipisicing elit. Amet nemo harum repellendus aut itaque. Temporibus quaerat dolores ut, cupiditate molestiae commodi! Distinctio praesentium, debitis aut minima doloribus earum quia commodi."}}]