[{"model": "official.user", "pk": 16, "fields": {"password": "pbkdf2_sha256$390000$blRlJz8m84OX1MZkeWHW0r$9H+TEDt15uJsjXiJOlu617RJBD7fjH9B2RVxSNPg84g=", "last_login": "2022-12-16T06:06:08Z", "is_superuser": false, "first_name": "", "last_name": "", "date_joined": "2022-11-12T05:41:21Z", "email": "admin@gmail.com", "phone_number": "8547768153", "franchise": null, "pickup_boy": null, "customer": 10, "is_franchise": false, "is_pickupboy": false, "is_customer": true, "is_active": true, "is_staff": false, "groups": [], "user_permissions": []}}, {"model": "official.user", "pk": 28, "fields": {"password": "pbkdf2_sha256$390000$KTroJRkVazcUrGTUNYJjCk$iZcJ9MEpR/s+yx7TUjCr0CLi92G2jvWL1zUNjhVW5CY=", "last_login": "2022-12-29T15:25:57Z", "is_superuser": false, "first_name": "", "last_name": "", "date_joined": "2022-11-23T04:28:02Z", "email": "", "phone_number": "9876543211", "franchise": 10, "pickup_boy": null, "customer": null, "is_franchise": true, "is_pickupboy": false, "is_customer": false, "is_active": true, "is_staff": false, "groups": [], "user_permissions": []}}, {"model": "official.user", "pk": 29, "fields": {"password": "pbkdf2_sha256$390000$Crthluw1shAZ6jdOg0V91R$kPEsSjUWoY+blxpTjXpgONU1ekqMZul7o7JiMp8l4XU=", "last_login": "2023-01-25T17:42:08.356Z", "is_superuser": false, "first_name": "", "last_name": "", "date_joined": "2022-11-23T04:36:16Z", "email": "", "phone_number": "9876543212", "franchise": null, "pickup_boy": 13, "customer": null, "is_franchise": false, "is_pickupboy": true, "is_customer": false, "is_active": true, "is_staff": false, "groups": [], "user_permissions": []}}, {"model": "official.user", "pk": 30, "fields": {"password": "pbkdf2_sha256$390000$NJy0NJ3WvJOffRszXnqSkD$CB6D9jLlrBNrvLX3urMIaj2LqtbBB3c79cmSQ/xFeK0=", "last_login": "2023-01-25T23:18:45.990Z", "is_superuser": false, "first_name": "", "last_name": "", "date_joined": "2022-11-23T11:19:15Z", "email": "", "phone_number": "8086634711", "franchise": 11, "pickup_boy": null, "customer": null, "is_franchise": true, "is_pickupboy": false, "is_customer": false, "is_active": true, "is_staff": false, "groups": [], "user_permissions": []}}, {"model": "official.user", "pk": 31, "fields": {"password": "pbkdf2_sha256$390000$ydTXz4apTnh9LlnSY1gGDM$DN+lOKG+IzdKbZKrZMK9FTyrs1JKYOs2q4n4vaRQHNI=", "last_login": "2023-01-25T23:21:52.232Z", "is_superuser": true, "first_name": "", "last_name": "", "date_joined": "2022-12-29T22:48:06.585Z", "email": null, "phone_number": "9876543210", "franchise": null, "pickup_boy": null, "customer": null, "is_franchise": false, "is_pickupboy": false, "is_customer": false, "is_active": true, "is_staff": true, "groups": [], "user_permissions": []}}, {"model": "official.franchise", "pk": 10, "fields": {"franchise_id": "01", "name": "calicut", "email": "viveknhc@gmail.com", "phone": "09876", "photo": "franchise/bang.png", "address": "address", "password": "12345"}}, {"model": "official.franchise", "pk": 11, "fields": {"franchise_id": "56789", "name": "realme 2", "email": "viveknhc@gmail.com", "phone": "98765", "photo": "franchise/banner-10_iwHpLnK.jpg", "address": "yyt", "password": "12345"}}, {"model": "official.pickupboy", "pk": 13, "fields": {"franchise": 11, "pickup_id": "02", "name": "shilpa", "email": "shilpasasidharan97@gmail.com", "phone": "56789", "photo": "franchise/menu-banner-8.jpg", "place": "QABwzSdivI", "address": "LxmADVrwHb", "password": "12345"}}, {"model": "official.customerregistration", "pk": 1, "fields": {"name": "vivek", "email": "viveknhc@gmail.com", "phone_number": "+918547768153", "password": "1234"}}, {"model": "official.customerregistration", "pk": 2, "fields": {"name": "shilpa", "email": "shilpasasidharan97@gmail.com", "phone_number": "+918547768153", "password": "12"}}, {"model": "official.customerregistration", "pk": 3, "fields": {"name": "shilpa", "email": "shilpasasidharan97@gmail.com", "phone_number": "+918547768153", "password": "12"}}, {"model": "official.customerregistration", "pk": 4, "fields": {"name": "vivek", "email": "shilpasasidharan97@gmail.com", "phone_number": "+918547768153", "password": "12"}}, {"model": "official.customerregistration", "pk": 5, "fields": {"name": "vivek", "email": "shilpasasidharan97@gmail.com", "phone_number": "+918547768153", "password": "123"}}, {"model": "official.customerregistration", "pk": 6, "fields": {"name": "vivek", "email": "viveknhc@gmail.com", "phone_number": "+918547768153", "password": "12"}}, {"model": "official.customerregistration", "pk": 7, "fields": {"name": "swathi", "email": "viveknhc@gmail.com", "phone_number": "8547768153+91", "password": "1234"}}, {"model": "official.customerregistration", "pk": 8, "fields": {"name": "vivek", "email": "viveknhc@gmail.com", "phone_number": "8547768153+91", "password": "12"}}, {"model": "official.customerregistration", "pk": 9, "fields": {"name": "vivek", "email": "viveknhc@gmail.com", "phone_number": "+918547768153", "password": "12"}}, {"model": "official.customerregistration", "pk": 10, "fields": {"name": "aswandh", "email": "admin@gmail.com", "phone_number": "+918547768153", "password": "12"}}, {"model": "official.customerregistration", "pk": 11, "fields": {"name": "Lesley Slater", "email": "naqatil@mailinator.com", "phone_number": "+220+1 (254) 472-1295", "password": "Pa$$w0rd!"}}, {"model": "official.customerprofile", "pk": 9, "fields": {"user": 16, "auth_token": "HGY2KKMSQS63O6YXGMKJDRSY2HCUVTD4", "test_id": "75b933d5-8b10-4332-bb39-1f189795d08e", "forget_password_token": ""}}, {"model": "official.brand", "pk": 4, "fields": {"image": "Brand/real.jpg", "name": "RealMe", "slug": "realme", "references": null}}, {"model": "official.brand", "pk": 9, "fields": {"image": "Brand/apple.jpg", "name": "Apple", "slug": "apple", "references": null}}, {"model": "official.brand", "pk": 11, "fields": {"image": "Brand/iqoo.jpg", "name": "Iqoo", "slug": "iqoo", "references": null}}, {"model": "official.brand", "pk": 12, "fields": {"image": "Brand/mi.jpg", "name": "mi", "slug": "mi", "references": null}}, {"model": "official.brand", "pk": 13, "fields": {"image": "Brand/lenovo.jpg", "name": "lenovo", "slug": "lenovo", "references": null}}, {"model": "official.brand", "pk": 15, "fields": {"image": "Brand/honor.jpg", "name": "HONOR", "slug": "honor", "references": null}}, {"model": "official.brand", "pk": 16, "fields": {"image": "Brand/nok.jpg", "name": "Nokia", "slug": "nokia", "references": null}}, {"model": "official.brand", "pk": 17, "fields": {"image": "Brand/one.jpg", "name": "Oneplus", "slug": "oneplus", "references": null}}, {"model": "official.brand", "pk": 18, "fields": {"image": "Brand/sam.jpg", "name": "Samsung", "slug": "samsung", "references": null}}, {"model": "official.brand", "pk": 19, "fields": {"image": "Brand/oppo.jpg", "name": "Oppo", "slug": "oppo", "references": null}}, {"model": "official.brand", "pk": 21, "fields": {"image": "Brand/moto.jpg", "name": "Motorola", "slug": "motorola", "references": null}}, {"model": "official.brand", "pk": 22, "fields": {"image": "Brand/vivo.jpg", "name": "Vivo", "slug": "vivo", "references": null}}, {"model": "official.brand", "pk": 23, "fields": {"image": "Brand/nothing.jpg", "name": "Nothing", "slug": "nothing", "references": null}}, {"model": "official.brand", "pk": 24, "fields": {"image": "Brand/google_29yozRA.jpg", "name": "Google", "slug": "google", "references": null}}, {"model": "official.brand", "pk": 25, "fields": {"image": "Brand/poco.jpg", "name": "Poco", "slug": "poco", "references": null}}, {"model": "official.brand", "pk": 26, "fields": {"image": "Brand/acer.png", "name": "Acer", "slug": "acer", "references": null}}, {"model": "official.devicetype", "pk": 1, "fields": {"device_type": "Mobile"}}, {"model": "official.devicetype", "pk": 2, "fields": {"device_type": "TV"}}, {"model": "official.devicetype", "pk": 3, "fields": {"device_type": "Laptop"}}, {"model": "official.franchisewallet", "pk": 10, "fields": {"franchise": 11, "amount": 5000.0, "date": "2022-12-07T09:23:05.913Z", "type": "to_franchise"}}, {"model": "official.franchisewallet", "pk": 11, "fields": {"franchise": 11, "amount": 500.0, "date": "2023-01-25T12:44:49.576Z", "type": "to_admin"}}, {"model": "official.questionoption", "pk": 26, "fields": {"question": 102, "image": "", "text": "Yes", "identifier": "With Valid Bill"}}, {"model": "official.questionoption", "pk": 27, "fields": {"question": 102, "image": "", "text": "No", "identifier": "Without Bill"}}, {"model": "official.questionoption", "pk": 28, "fields": {"question": 98, "image": "", "text": "Yes", "identifier": "Able to make and receive calls"}}, {"model": "official.questionoption", "pk": 29, "fields": {"question": 98, "image": "", "text": "No", "identifier": "Not Able to make and receive calls"}}, {"model": "official.questionoption", "pk": 30, "fields": {"question": 101, "image": "", "text": "Yes", "identifier": "Under Warranty"}}, {"model": "official.questionoption", "pk": 31, "fields": {"question": 101, "image": "", "text": "No", "identifier": "Not Under Warranty"}}, {"model": "official.questionoption", "pk": 32, "fields": {"question": 100, "image": "", "text": "Yes", "identifier": "Original Screen"}}, {"model": "official.questionoption", "pk": 33, "fields": {"question": 100, "image": "", "text": "No", "identifier": "Not Original Screen"}}, {"model": "official.questionoption", "pk": 34, "fields": {"question": 99, "image": "", "text": "Yes", "identifier": "Touch Working"}}, {"model": "official.questionoption", "pk": 35, "fields": {"question": 99, "image": "", "text": "No", "identifier": "Touch Faulty"}}, {"model": "official.questionoption", "pk": 36, "fields": {"question": 103, "image": "Question Image/62a31a9a6c17e.png", "text": "Broken/scratch on device screen", "identifier": "Broken/scratch on device screen"}}, {"model": "official.questionoption", "pk": 37, "fields": {"question": 103, "image": "Question Image/62a31ad88c473.png", "text": "Dead spot/visible lines on screen", "identifier": "Dead spot/visible lines on screen"}}, {"model": "official.questionoption", "pk": 38, "fields": {"question": 103, "image": "Question Image/62a31b0b3b18d.png", "text": "Scratch/Dent on device body", "identifier": "Scratch/Dent on device body"}}, {"model": "official.questionoption", "pk": 39, "fields": {"question": 103, "image": "Question Image/62a87a14b538f.png", "text": "Device panel missing/broken", "identifier": "Device panel missing/broken"}}, {"model": "official.question", "pk": 98, "fields": {"question_type": "Objective", "question": "Are you able to make and receive calls?", "subtext": "Check your device for cellular network connectivity issues."}}, {"model": "official.question", "pk": 99, "fields": {"question_type": "Objective", "question": "Is your device's touch screen working properly?", "subtext": "Check the touch screen functionality of your phone."}}, {"model": "official.question", "pk": 100, "fields": {"question_type": "Objective", "question": "Is your phone's screen original?", "subtext": "Pick \"Yes\" if screen was never changed or was changed by Authorized Service Center. Pick \"No\" if screen was changed at local shop."}}, {"model": "official.question", "pk": 101, "fields": {"question_type": "Objective", "question": "Is your device under brand warranty?", "subtext": "You can get a better price for your device if it's under brand's warranty with a valid bill."}}, {"model": "official.question", "pk": 102, "fields": {"question_type": "Objective", "question": "Do you have valid bill with same IMEI?", "subtext": "Make sure your bill has device IMEI mentioned on it."}}, {"model": "official.question", "pk": 103, "fields": {"question_type": "MCQ", "question": "Select screen/body defects that are applicable!", "subtext": null}}, {"model": "main.bannerimage", "pk": 1, "fields": {"name": "Banner 2", "image": "banners/b1.jpg", "link": null}}, {"model": "main.bannerimage", "pk": 2, "fields": {"name": "Banner 1", "image": "banners/b2.jpg", "link": null}}, {"model": "main.offer", "pk": 1, "fields": {"offer": "offers/bnre1.jpg"}}, {"model": "main.offer", "pk": 2, "fields": {"offer": "offers/bnre2.jpg"}}, {"model": "main.offer", "pk": 3, "fields": {"offer": "offers/bnre2_lZYYLGp.jpg"}}, {"model": "main.team", "pk": 1, "fields": {"image": "team/photo-1495603889488-42d1d66e5523.jpeg", "name": "Alex Carry", "designation": "CFO", "description": "Lorem ipsum dolor sit amet consectetur adipisicing elit. Amet nemo harum repellendus aut itaque. Temporibus quaerat dolores ut, cupiditate molestiae commodi! Distinctio praesentium, debitis aut minima doloribus earum quia commodi."}}, {"model": "main.team", "pk": 2, "fields": {"image": "team/photo-1495603889488-42d1d66e5523_c3d9r0u.jpeg", "name": "John Smith", "designation": "CFO", "description": "Lorem ipsum dolor sit amet consectetur adipisicing elit. Amet nemo harum repellendus aut itaque. Temporibus quaerat dolores ut, cupiditate molestiae commodi! Distinctio praesentium, debitis aut minima doloribus earum quia commodi."}}, {"model": "main.team", "pk": 3, "fields": {"image": "team/photo-1495603889488-42d1d66e5523_dQgkHs7.jpeg", "name": "George Alex", "designation": "CFO", "description": "Lorem ipsum dolor sit amet consectetur adipisicing elit. Amet nemo harum repellendus aut itaque. Temporibus quaerat dolores ut, cupiditate molestiae commodi! Distinctio praesentium, debitis aut minima doloribus earum quia commodi."}}]