[

    {
        "model": "official.franchise",
        "pk": 10,
        "fields": {
            "franchise_id": "01",
            "name": "calicut",
            "email": "viveknhc@gmail.com",
            "phone": "09876",
            "photo": "franchise/bang.png",
            "address": "address",
            "password": "12345"
        }
    },
    {
        "model": "official.franchise",
        "pk": 11,
        "fields": {
            "franchise_id": "56789",
            "name": "realme 2",
            "email": "viveknhc@gmail.com",
            "phone": "98765",
            "photo": "franchise/banner-10_iwHpLnK.jpg",
            "address": "yyt",
            "password": "12345"
        }
    },
    {
        "model": "official.pickupboy",
        "pk": 13,
        "fields": {
            "franchise": 10,
            "pickup_id": "02",
            "name": "shilpa",
            "email": "shilpasasidharan97@gmail.com",
            "phone": "56789",
            "photo": "franchise/menu-banner-8.jpg",
            "place": "QABwzSdivI",
            "address": "LxmADVrwHb",
            "password": "12345"
        }
    },
    {
        "model": "official.cutomerregistration",
        "pk": 1,
        "fields": {
            "name": "vivek",
            "email": "viveknhc@gmail.com",
            "phone_number": "+918547768153",
            "password": "1234"
        }
    },
    {
        "model": "official.cutomerregistration",
        "pk": 2,
        "fields": {
            "name": "shilpa",
            "email": "shilpasasidharan97@gmail.com",
            "phone_number": "+918547768153",
            "password": "12"
        }
    },
    {
        "model": "official.cutomerregistration",
        "pk": 3,
        "fields": {
            "name": "shilpa",
            "email": "shilpasasidharan97@gmail.com",
            "phone_number": "+918547768153",
            "password": "12"
        }
    },
    {
        "model": "official.cutomerregistration",
        "pk": 4,
        "fields": {
            "name": "vivek",
            "email": "shilpasasidharan97@gmail.com",
            "phone_number": "+918547768153",
            "password": "12"
        }
    },
    {
        "model": "official.cutomerregistration",
        "pk": 5,
        "fields": {
            "name": "vivek",
            "email": "shilpasasidharan97@gmail.com",
            "phone_number": "+918547768153",
            "password": "123"
        }
    },
    {
        "model": "official.cutomerregistration",
        "pk": 6,
        "fields": {
            "name": "vivek",
            "email": "viveknhc@gmail.com",
            "phone_number": "+918547768153",
            "password": "12"
        }
    },
    {
        "model": "official.cutomerregistration",
        "pk": 7,
        "fields": {
            "name": "swathi",
            "email": "viveknhc@gmail.com",
            "phone_number": "8547768153+91",
            "password": "1234"
        }
    },
    {
        "model": "official.cutomerregistration",
        "pk": 8,
        "fields": {
            "name": "vivek",
            "email": "viveknhc@gmail.com",
            "phone_number": "8547768153+91",
            "password": "12"
        }
    },
    {
        "model": "official.cutomerregistration",
        "pk": 9,
        "fields": {
            "name": "vivek",
            "email": "viveknhc@gmail.com",
            "phone_number": "+918547768153",
            "password": "12"
        }
    },
    {
        "model": "official.cutomerregistration",
        "pk": 10,
        "fields": {
            "name": "aswandh",
            "email": "admin@gmail.com",
            "phone_number": "+918547768153",
            "password": "12"
        }
    },
    {
        "model": "official.user",
        "pk": 1,
        "fields": {
            "password": "pbkdf2_sha256$390000$ZfPcaPpdiFCioGeUTKXTkO$r1v7Mpr7+DmFGtLbEuFwVLmd78WKniQZjaVPbzQw4po=",
            "last_login": "2022-12-29T15:26:51.088Z",
            "is_superuser": true,
            "first_name": "",
            "last_name": "",
            "date_joined": "2022-11-04T04:35:51Z",
            "email": "",
            "phone_number": "1234",
            "franchise": null,
            "pickup_boy": null,
            "customer": null,
            "is_franchise": false,
            "is_pickupboy": false,
            "is_customer": false,
            "is_active": true,
            "is_staff": true,
            "groups": [],
            "user_permissions": []
        }
    },
    {
        "model": "official.user",
        "pk": 16,
        "fields": {
            "password": "pbkdf2_sha256$390000$blRlJz8m84OX1MZkeWHW0r$9H+TEDt15uJsjXiJOlu617RJBD7fjH9B2RVxSNPg84g=",
            "last_login": "2022-12-16T06:06:08.421Z",
            "is_superuser": false,
            "first_name": "",
            "last_name": "",
            "date_joined": "2022-11-12T05:41:21.003Z",
            "email": "admin@gmail.com",
            "phone_number": "+918547768153",
            "franchise": null,
            "pickup_boy": null,
            "customer": 10,
            "is_franchise": false,
            "is_pickupboy": false,
            "is_customer": true,
            "is_active": true,
            "is_staff": false,
            "groups": [],
            "user_permissions": []
        }
    },
    {
        "model": "official.user",
        "pk": 28,
        "fields": {
            "password": "pbkdf2_sha256$390000$B2L2mqoAUk7vYPytjkPU2i$bnZGyb9DFSzSvNjJrM0fvL4rFw3s9URs1JY/TIjRK90=",
            "last_login": "2022-12-29T15:25:57.067Z",
            "is_superuser": false,
            "first_name": "",
            "last_name": "",
            "date_joined": "2022-11-23T04:28:02.731Z",
            "email": null,
            "phone_number": "09876",
            "franchise": 10,
            "pickup_boy": null,
            "customer": null,
            "is_franchise": true,
            "is_pickupboy": false,
            "is_customer": false,
            "is_active": true,
            "is_staff": false,
            "groups": [],
            "user_permissions": []
        }
    },
    {
        "model": "official.user",
        "pk": 29,
        "fields": {
            "password": "pbkdf2_sha256$390000$PCQgpfjhdIn4aGxJaDYkGv$N984YDO7qNznSGZY1AjPdkx8WqrJga04RSTnMlZelFg=",
            "last_login": "2022-12-29T07:25:10.776Z",
            "is_superuser": false,
            "first_name": "",
            "last_name": "",
            "date_joined": "2022-11-23T04:36:16.109Z",
            "email": null,
            "phone_number": "56789",
            "franchise": null,
            "pickup_boy": 13,
            "customer": null,
            "is_franchise": false,
            "is_pickupboy": true,
            "is_customer": false,
            "is_active": true,
            "is_staff": false,
            "groups": [],
            "user_permissions": []
        }
    },
    {
        "model": "official.user",
        "pk": 30,
        "fields": {
            "password": "pbkdf2_sha256$390000$hmCQ1teBji6rBarg5rOfBD$az55rOyRdzgEyiLeqN+1Cnrpcz9khd2DdtCKJ4Vtdf4=",
            "last_login": null,
            "is_superuser": false,
            "first_name": "",
            "last_name": "",
            "date_joined": "2022-11-23T11:19:15.316Z",
            "email": null,
            "phone_number": "98765",
            "franchise": 11,
            "pickup_boy": null,
            "customer": null,
            "is_franchise": true,
            "is_pickupboy": false,
            "is_customer": false,
            "is_active": true,
            "is_staff": false,
            "groups": [],
            "user_permissions": []
        }
    },
    {
        "model": "official.cutomerprofile",
        "pk": 9,
        "fields": {
            "user": 16,
            "auth_token": "HGY2KKMSQS63O6YXGMKJDRSY2HCUVTD4",
            "test_id": "75b933d5-8b10-4332-bb39-1f189795d08e",
            "forget_password_token": null
        }
    },
    {
        "model": "official.brand",
        "pk": 4,
        "fields": {
            "image": "Brand/real.jpg",
            "name": "RealMee"
        }
    },
    {
        "model": "official.brand",
        "pk": 9,
        "fields": {
            "image": "Brand/apple_vLWA1tF.jpg",
            "name": "Apple"
        }
    },
    {
        "model": "official.brand",
        "pk": 10,
        "fields": {
            "image": "Brand/hp.jpg",
            "name": "Mi"
        }
    },
    {
        "model": "official.brand",
        "pk": 11,
        "fields": {
            "image": "Brand/iqoo.jpg",
            "name": "Iqoo"
        }
    },
    {
        "model": "official.brand",
        "pk": 12,
        "fields": {
            "image": "Brand/hp_uDLv5R8.jpg",
            "name": "mi"
        }
    },
    {
        "model": "official.brand",
        "pk": 13,
        "fields": {
            "image": "Brand/lenovo.jpg",
            "name": "lenovo"
        }
    },
    {
        "model": "official.brand",
        "pk": 14,
        "fields": {
            "image": "Brand/iqoo_wuttmKw.jpg",
            "name": "iqoo"
        }
    },
    {
        "model": "official.brand",
        "pk": 15,
        "fields": {
            "image": "Brand/honor.jpg",
            "name": "honor"
        }
    },
    {
        "model": "official.brandmodel",
        "pk": 6,
        "fields": {
            "brand": 4,
            "image": "Brand Model/mob_3.jpg",
            "name": "realme 1"
        }
    },
    {
        "model": "official.brandmodel",
        "pk": 7,
        "fields": {
            "brand": 4,
            "image": "Brand Model/iphone6_9V5gFvs.png",
            "name": "realme 2"
        }
    },
    {
        "model": "official.brandmodel",
        "pk": 8,
        "fields": {
            "brand": 9,
            "image": "Brand Model/phone.jpeg",
            "name": "iphone 13"
        }
    },
    {
        "model": "official.modelspecifications",
        "pk": 7,
        "fields": {
            "brand_model": 6,
            "RAM": "8",
            "color": "red",
            "internal_storage": "128",
            "year": 2022,
            "price": 20000.0
        }
    },
    {
        "model": "official.modelspecifications",
        "pk": 8,
        "fields": {
            "brand_model": 6,
            "RAM": "12",
            "color": "yellow",
            "internal_storage": "256",
            "year": 2022,
            "price": 2555.0
        }
    },
    {
        "model": "official.modelspecifications",
        "pk": 9,
        "fields": {
            "brand_model": 8,
            "RAM": "32",
            "color": "yellow",
            "internal_storage": "256",
            "year": 2021,
            "price": 20000.0
        }
    },
    {
        "model": "official.modelspecifications",
        "pk": 10,
        "fields": {
            "brand_model": 8,
            "RAM": "32",
            "color": "333",
            "internal_storage": "256",
            "year": 333,
            "price": 333.0
        }
    },
    {
        "model": "official.devicetype",
        "pk": 1,
        "fields": {
            "device_type": "Mobile"
        }
    },
    {
        "model": "official.devicetype",
        "pk": 2,
        "fields": {
            "device_type": "TV"
        }
    },
    {
        "model": "official.devicetype",
        "pk": 3,
        "fields": {
            "device_type": "Laptop"
        }
    },
    {
        "model": "official.questions",
        "pk": 93,
        "fields": {
            "device_type": 1,
            "model_question": 6,
            "questions": "objective example question",
            "question_type": "Objective"
        }
    },
    {
        "model": "official.questions",
        "pk": 94,
        "fields": {
            "device_type": 1,
            "model_question": 6,
            "questions": "objective example question 2",
            "question_type": "Objective"
        }
    },
    {
        "model": "official.questions",
        "pk": 95,
        "fields": {
            "device_type": 1,
            "model_question": 6,
            "questions": "objective example question 3",
            "question_type": "Objective"
        }
    },
    {
        "model": "official.questions",
        "pk": 96,
        "fields": {
            "device_type": 1,
            "model_question": null,
            "questions": "image type 1",
            "question_type": "image_type"
        }
    },
    {
        "model": "official.questions",
        "pk": 97,
        "fields": {
            "device_type": 1,
            "model_question": null,
            "questions": "aaa",
            "question_type": "image_type"
        }
    },
    {
        "model": "official.questionoption",
        "pk": 19,
        "fields": {
            "question": 96,
            "image_upload": "Question  Image/Screenshot_from_2022-11-09_10-16-24.png",
            "image_description": "sub of image 1"
        }
    },
    {
        "model": "official.questionoption",
        "pk": 20,
        "fields": {
            "question": 96,
            "image_upload": "Question  Image/bang.png",
            "image_description": "dub 2"
        }
    },
    {
        "model": "official.questionoption",
        "pk": 21,
        "fields": {
            "question": 96,
            "image_upload": "Question  Image/kochi.png",
            "image_description": "sub 3"
        }
    },
    {
        "model": "official.questionoption",
        "pk": 22,
        "fields": {
            "question": 97,
            "image_upload": "Question  Image/data_ikWzYfL.png",
            "image_description": "nice"
        }
    },
    {
        "model": "official.questionoption",
        "pk": 23,
        "fields": {
            "question": 97,
            "image_upload": "Question  Image/Simple--Convenient.png",
            "image_description": "third"
        }
    },
    {
        "model": "official.questionoption",
        "pk": 24,
        "fields": {
            "question": 97,
            "image_upload": "Question  Image/invoice_tLBWel7.png",
            "image_description": "gtyrty"
        }
    },
    {
        "model": "official.questionoption",
        "pk": 25,
        "fields": {
            "question": 97,
            "image_upload": "Question  Image/SAFE.png",
            "image_description": "jhgjhgjdhs"
        }
    },
    {
        "model": "official.deduction",
        "pk": 20,
        "fields": {
            "questions": 93,
            "model": 6,
            "deduction_amount_yes": 10,
            "deduction_amount_no": 5
        }
    },
    {
        "model": "official.deduction",
        "pk": 21,
        "fields": {
            "questions": 94,
            "model": 6,
            "deduction_amount_yes": 3,
            "deduction_amount_no": 9
        }
    },
    {
        "model": "official.deduction",
        "pk": 22,
        "fields": {
            "questions": 95,
            "model": 6,
            "deduction_amount_yes": 6,
            "deduction_amount_no": 24
        }
    },
    {
        "model": "official.deduction",
        "pk": 23,
        "fields": {
            "questions": 96,
            "model": 6,
            "deduction_amount_yes": null,
            "deduction_amount_no": null
        }
    },
    {
        "model": "official.deduction",
        "pk": 24,
        "fields": {
            "questions": 93,
            "model": 6,
            "deduction_amount_yes": 50,
            "deduction_amount_no": 10
        }
    },
    {
        "model": "official.deduction",
        "pk": 25,
        "fields": {
            "questions": 96,
            "model": 6,
            "deduction_amount_yes": null,
            "deduction_amount_no": null
        }
    },
    {
        "model": "official.subdeduction",
        "pk": 1,
        "fields": {
            "questions": 96,
            "qst_option": 19,
            "deduction": 23,
            "model": 6,
            "deduction_amount": 10
        }
    },
    {
        "model": "official.subdeduction",
        "pk": 2,
        "fields": {
            "questions": 96,
            "qst_option": 20,
            "deduction": 23,
            "model": 6,
            "deduction_amount": 15
        }
    },
    {
        "model": "official.subdeduction",
        "pk": 3,
        "fields": {
            "questions": 96,
            "qst_option": 21,
            "deduction": 23,
            "model": 6,
            "deduction_amount": 12
        }
    },
    {
        "model": "official.subdeduction",
        "pk": 4,
        "fields": {
            "questions": 96,
            "qst_option": 19,
            "deduction": 25,
            "model": 6,
            "deduction_amount": 20
        }
    },
    {
        "model": "official.subdeduction",
        "pk": 5,
        "fields": {
            "questions": 96,
            "qst_option": 20,
            "deduction": 25,
            "model": 6,
            "deduction_amount": 10
        }
    },
    {
        "model": "official.subdeduction",
        "pk": 6,
        "fields": {
            "questions": 96,
            "qst_option": 21,
            "deduction": 25,
            "model": 6,
            "deduction_amount": 5
        }
    },
    {
        "model": "official.franchisewallet",
        "pk": 10,
        "fields": {
            "franchise": 10,
            "wallet_amount": 4027.0,
            "last_paid_amount": 1.0,
            "date": "2022-12-07T09:23:05.913Z"
        }
    },
    {
        "model": "official.adminsendrecord",
        "pk": 51,
        "fields": {
            "franchise": 10,
            "amount": 1.0,
            "date": "2022-12-01"
        }
    },
    {
        "model": "official.adminsendrecord",
        "pk": 52,
        "fields": {
            "franchise": 10,
            "amount": 4000.0,
            "date": "2022-12-01"
        }
    },
    {
        "model": "official.adminsendrecord",
        "pk": 53,
        "fields": {
            "franchise": 10,
            "amount": 12.0,
            "date": "2022-12-07"
        }
    },
    {
        "model": "official.adminsendrecord",
        "pk": 54,
        "fields": {
            "franchise": 10,
            "amount": 12.0,
            "date": "2022-12-07"
        }
    },
    {
        "model": "official.adminsendrecord",
        "pk": 55,
        "fields": {
            "franchise": 10,
            "amount": 1.0,
            "date": "2022-12-07"
        }
    },
    {
        "model": "official.adminsendrecord",
        "pk": 56,
        "fields": {
            "franchise": 10,
            "amount": 1.0,
            "date": "2022-12-07"
        }
    },
    {
        "model": "official.bannerimage",
        "pk": 1,
        "fields": {
            "banner": "gallery/b1.jpg"
        }
    },
    {
        "model": "official.bannerimage",
        "pk": 2,
        "fields": {
            "banner": "gallery/b2.jpg"
        }
    },
    {
        "model": "official.offer",
        "pk": 1,
        "fields": {
            "offer": "gallery/bnre1.jpg"
        }
    },
    {
        "model": "official.offer",
        "pk": 2,
        "fields": {
            "offer": "gallery/bnre2.jpg"
        }
    }
]
