[
    {
        "model": "official.user",
        "pk": 16,
        "fields": {
            "password": "pbkdf2_sha256$390000$blRlJz8m84OX1MZkeWHW0r$9H+TEDt15uJsjXiJOlu617RJBD7fjH9B2RVxSNPg84g=",
            "last_login": "2022-12-16T06:06:08Z",
            "is_superuser": false,
            "first_name": "",
            "last_name": "",
            "date_joined": "2022-11-12T05:41:21Z",
            "email": "admin@gmail.com",
            "phone_number": "8547768153",
            "franchise": null,
            "pickup_boy": null,
            "customer": 10,
            "is_franchise": false,
            "is_pickupboy": false,
            "is_customer": true,
            "is_active": true,
            "is_staff": false,
            "groups": [],
            "user_permissions": []
        }
    },
    {
        "model": "official.user",
        "pk": 28,
        "fields": {
            "password": "pbkdf2_sha256$390000$KTroJRkVazcUrGTUNYJjCk$iZcJ9MEpR/s+yx7TUjCr0CLi92G2jvWL1zUNjhVW5CY=",
            "last_login": "2023-01-26T11:14:35.320Z",
            "is_superuser": false,
            "first_name": "",
            "last_name": "",
            "date_joined": "2022-11-23T04:28:02Z",
            "email": "",
            "phone_number": "9876543211",
            "franchise": 10,
            "pickup_boy": null,
            "customer": null,
            "is_franchise": true,
            "is_pickupboy": false,
            "is_customer": false,
            "is_active": true,
            "is_staff": false,
            "groups": [],
            "user_permissions": []
        }
    },
    {
        "model": "official.user",
        "pk": 29,
        "fields": {
            "password": "pbkdf2_sha256$390000$Crthluw1shAZ6jdOg0V91R$kPEsSjUWoY+blxpTjXpgONU1ekqMZul7o7JiMp8l4XU=",
            "last_login": "2023-01-25T02:22:56.701Z",
            "is_superuser": false,
            "first_name": "",
            "last_name": "",
            "date_joined": "2022-11-23T04:36:16Z",
            "email": "",
            "phone_number": "9876543212",
            "franchise": null,
            "pickup_boy": 13,
            "customer": null,
            "is_franchise": false,
            "is_pickupboy": true,
            "is_customer": false,
            "is_active": true,
            "is_staff": false,
            "groups": [],
            "user_permissions": []
        }
    },
    {
        "model": "official.user",
        "pk": 30,
        "fields": {
            "password": "pbkdf2_sha256$390000$NJy0NJ3WvJOffRszXnqSkD$CB6D9jLlrBNrvLX3urMIaj2LqtbBB3c79cmSQ/xFeK0=",
            "last_login": "2023-01-26T12:05:08.551Z",
            "is_superuser": false,
            "first_name": "",
            "last_name": "",
            "date_joined": "2022-11-23T11:19:15Z",
            "email": "",
            "phone_number": "8086634711",
            "franchise": 11,
            "pickup_boy": null,
            "customer": null,
            "is_franchise": true,
            "is_pickupboy": false,
            "is_customer": false,
            "is_active": true,
            "is_staff": false,
            "groups": [],
            "user_permissions": []
        }
    },
    {
        "model": "official.user",
        "pk": 31,
        "fields": {
            "password": "pbkdf2_sha256$390000$ydTXz4apTnh9LlnSY1gGDM$DN+lOKG+IzdKbZKrZMK9FTyrs1JKYOs2q4n4vaRQHNI=",
            "last_login": "2023-01-26T12:06:46.872Z",
            "is_superuser": true,
            "first_name": "",
            "last_name": "",
            "date_joined": "2022-12-29T22:48:06.585Z",
            "email": null,
            "phone_number": "9876543210",
            "franchise": null,
            "pickup_boy": null,
            "customer": null,
            "is_franchise": false,
            "is_pickupboy": false,
            "is_customer": false,
            "is_active": true,
            "is_staff": true,
            "groups": [],
            "user_permissions": []
        }
    },
    {
        "model": "official.user",
        "pk": 32,
        "fields": {
            "password": "pbkdf2_sha256$390000$GoC2g0WnibMB31gJGInfEM$sSvXfeRQAHeyV2OVw01VzvYvu9ChoyaUuZkmwtN9FdA=",
            "last_login": "2023-01-26T11:04:15.176Z",
            "is_superuser": false,
            "first_name": "",
            "last_name": "",
            "date_joined": "2023-01-26T10:51:31.679Z",
            "email": "viveknhc@gmail.com",
            "phone_number": "+918547768153",
            "franchise": null,
            "pickup_boy": null,
            "customer": 11,
            "is_franchise": false,
            "is_pickupboy": false,
            "is_customer": true,
            "is_active": true,
            "is_staff": false,
            "groups": [],
            "user_permissions": []
        }
    },
    {
        "model": "official.user",
        "pk": 33,
        "fields": {
            "password": "pbkdf2_sha256$390000$iIlftNMtr1dDTrOGNuSBBk$kGT4M1KpBBxGFfzSaXntwzxHaEfASuTMg67Zc0qVEtQ=",
            "last_login": "2023-01-26T12:08:40.522Z",
            "is_superuser": false,
            "first_name": "",
            "last_name": "",
            "date_joined": "2023-01-26T11:16:02.588Z",
            "email": null,
            "phone_number": "12345678",
            "franchise": null,
            "pickup_boy": 14,
            "customer": null,
            "is_franchise": false,
            "is_pickupboy": true,
            "is_customer": false,
            "is_active": true,
            "is_staff": false,
            "groups": [],
            "user_permissions": []
        }
    },
    {
        "model": "official.brand",
        "pk": 4,
        "fields": {
            "image": "Brand/real.jpg",
            "name": "RealMe",
            "slug": "realme"
        }
    },
    {
        "model": "official.brand",
        "pk": 9,
        "fields": {
            "image": "Brand/apple.jpg",
            "name": "Apple",
            "slug": "apple"
        }
    },
    {
        "model": "official.brand",
        "pk": 11,
        "fields": {
            "image": "Brand/iqoo.jpg",
            "name": "Iqoo",
            "slug": "iqoo"
        }
    },
    {
        "model": "official.brand",
        "pk": 12,
        "fields": {
            "image": "Brand/mi.jpg",
            "name": "mi",
            "slug": "mi"
        }
    },
    {
        "model": "official.brand",
        "pk": 13,
        "fields": {
            "image": "Brand/lenovo.jpg",
            "name": "lenovo",
            "slug": "lenovo"
        }
    },
    {
        "model": "official.brand",
        "pk": 15,
        "fields": {
            "image": "Brand/honor.jpg",
            "name": "HONOR",
            "slug": "honor"
        }
    },
    {
        "model": "official.brand",
        "pk": 16,
        "fields": {
            "image": "Brand/nok.jpg",
            "name": "Nokia",
            "slug": "nokia"
        }
    },
    {
        "model": "official.brand",
        "pk": 17,
        "fields": {
            "image": "Brand/one.jpg",
            "name": "Oneplus",
            "slug": "oneplus"
        }
    },
    {
        "model": "official.brand",
        "pk": 18,
        "fields": {
            "image": "Brand/sam.jpg",
            "name": "Samsung",
            "slug": "samsung"
        }
    },
    {
        "model": "official.brand",
        "pk": 19,
        "fields": {
            "image": "Brand/oppo.jpg",
            "name": "Oppo",
            "slug": "oppo"
        }
    },
    {
        "model": "official.brand",
        "pk": 21,
        "fields": {
            "image": "Brand/moto.jpg",
            "name": "Motorola",
            "slug": "motorola"
        }
    },
    {
        "model": "official.brand",
        "pk": 22,
        "fields": {
            "image": "Brand/vivo.jpg",
            "name": "Vivo",
            "slug": "vivo"
        }
    },
    {
        "model": "official.brand",
        "pk": 23,
        "fields": {
            "image": "Brand/nothing.jpg",
            "name": "Nothing",
            "slug": "nothing"
        }
    },
    {
        "model": "official.brand",
        "pk": 24,
        "fields": {
            "image": "Brand/google_29yozRA.jpg",
            "name": "Google",
            "slug": "google"
        }
    },
    {
        "model": "official.brand",
        "pk": 25,
        "fields": {
            "image": "Brand/poco.jpg",
            "name": "Poco",
            "slug": "poco"
        }
    },
    {
        "model": "official.questionoption",
        "pk": 26,
        "fields": {
            "question": 102,
            "image": "",
            "text": "Yes",
            "identifier": "With Valid Bill"
        }
    },
    {
        "model": "official.questionoption",
        "pk": 27,
        "fields": {
            "question": 102,
            "image": "",
            "text": "No",
            "identifier": "Without Bill"
        }
    },
    {
        "model": "official.questionoption",
        "pk": 28,
        "fields": {
            "question": 98,
            "image": "",
            "text": "Yes",
            "identifier": "Able to make and receive calls"
        }
    },
    {
        "model": "official.questionoption",
        "pk": 29,
        "fields": {
            "question": 98,
            "image": "",
            "text": "No",
            "identifier": "Not Able to make and receive calls"
        }
    },
    {
        "model": "official.questionoption",
        "pk": 30,
        "fields": {
            "question": 101,
            "image": "",
            "text": "Yes",
            "identifier": "Under Warranty"
        }
    },
    {
        "model": "official.questionoption",
        "pk": 31,
        "fields": {
            "question": 101,
            "image": "",
            "text": "No",
            "identifier": "Not Under Warranty"
        }
    },
    {
        "model": "official.questionoption",
        "pk": 32,
        "fields": {
            "question": 100,
            "image": "",
            "text": "Yes",
            "identifier": "Original Screen"
        }
    },
    {
        "model": "official.questionoption",
        "pk": 33,
        "fields": {
            "question": 100,
            "image": "",
            "text": "No",
            "identifier": "Not Original Screen"
        }
    },
    {
        "model": "official.questionoption",
        "pk": 34,
        "fields": {
            "question": 99,
            "image": "",
            "text": "Yes",
            "identifier": "Touch Working"
        }
    },
    {
        "model": "official.questionoption",
        "pk": 35,
        "fields": {
            "question": 99,
            "image": "",
            "text": "No",
            "identifier": "Touch Faulty"
        }
    },
    {
        "model": "official.questionoption",
        "pk": 36,
        "fields": {
            "question": 103,
            "image": "Question Image/62a31a9a6c17e.png",
            "text": "Broken/scratch on device screen",
            "identifier": "Broken/scratch on device screen"
        }
    },
    {
        "model": "official.questionoption",
        "pk": 37,
        "fields": {
            "question": 103,
            "image": "Question Image/62a31ad88c473.png",
            "text": "Dead spot/visible lines on screen",
            "identifier": "Dead spot/visible lines on screen"
        }
    },
    {
        "model": "official.questionoption",
        "pk": 38,
        "fields": {
            "question": 103,
            "image": "Question Image/62a31b0b3b18d.png",
            "text": "Scratch/Dent on device body",
            "identifier": "Scratch/Dent on device body"
        }
    },
    {
        "model": "official.questionoption",
        "pk": 39,
        "fields": {
            "question": 103,
            "image": "Question Image/62a87a14b538f.png",
            "text": "Device panel missing/broken",
            "identifier": "Device panel missing/broken"
        }
    },
    {
        "model": "official.question",
        "pk": 98,
        "fields": {
            "question_type": "Objective",
            "question": "Are you able to make and receive calls?",
            "subtext": "Check your device for cellular network connectivity issues."
        }
    },
    {
        "model": "official.question",
        "pk": 99,
        "fields": {
            "question_type": "Objective",
            "question": "Is your device's touch screen working properly?",
            "subtext": "Check the touch screen functionality of your phone."
        }
    },
    {
        "model": "official.question",
        "pk": 100,
        "fields": {
            "question_type": "Objective",
            "question": "Is your phone's screen original?",
            "subtext": "Pick \"Yes\" if screen was never changed or was changed by Authorized Service Center. Pick \"No\" if screen was changed at local shop."
        }
    },
    {
        "model": "official.question",
        "pk": 101,
        "fields": {
            "question_type": "Objective",
            "question": "Is your device under brand warranty?",
            "subtext": "You can get a better price for your device if it's under brand's warranty with a valid bill."
        }
    },
    {
        "model": "official.question",
        "pk": 102,
        "fields": {
            "question_type": "Objective",
            "question": "Do you have valid bill with same IMEI?",
            "subtext": "Make sure your bill has device IMEI mentioned on it."
        }
    },
    {
        "model": "official.question",
        "pk": 103,
        "fields": {
            "question_type": "MCQ",
            "question": "Select screen/body defects that are applicable!",
            "subtext": null
        }
    },
    {
        "model": "main.bannerimage",
        "pk": 1,
        "fields": {
            "name": "Banner 2",
            "image": "banners/b1.jpg"
        }
    },
    {
        "model": "main.bannerimage",
        "pk": 2,
        "fields": {
            "name": "Banner 1",
            "image": "banners/b2.jpg"
        }
    },
    {
        "model": "main.offer",
        "pk": 1,
        "fields": {
            "offer": "offers/bnre1.jpg"
        }
    },
    {
        "model": "main.offer",
        "pk": 2,
        "fields": {
            "offer": "offers/bnre2.jpg"
        }
    },
    {
        "model": "main.offer",
        "pk": 3,
        "fields": {
            "offer": "offers/bnre2_lZYYLGp.jpg"
        }
    },
    {
        "model": "main.team",
        "pk": 1,
        "fields": {
            "image": "team/photo-1495603889488-42d1d66e5523.jpeg",
            "name": "Alex Carry",
            "designation": "CFO",
            "description": "Lorem ipsum dolor sit amet consectetur adipisicing elit. Amet nemo harum repellendus aut itaque. Temporibus quaerat dolores ut, cupiditate molestiae commodi! Distinctio praesentium, debitis aut minima doloribus earum quia commodi."
        }
    },
    {
        "model": "main.team",
        "pk": 2,
        "fields": {
            "image": "team/photo-1495603889488-42d1d66e5523_c3d9r0u.jpeg",
            "name": "John Smith",
            "designation": "CFO",
            "description": "Lorem ipsum dolor sit amet consectetur adipisicing elit. Amet nemo harum repellendus aut itaque. Temporibus quaerat dolores ut, cupiditate molestiae commodi! Distinctio praesentium, debitis aut minima doloribus earum quia commodi."
        }
    },
    {
        "model": "main.team",
        "pk": 3,
        "fields": {
            "image": "team/photo-1495603889488-42d1d66e5523_dQgkHs7.jpeg",
            "name": "George Alex",
            "designation": "CFO",
            "description": "Lorem ipsum dolor sit amet consectetur adipisicing elit. Amet nemo harum repellendus aut itaque. Temporibus quaerat dolores ut, cupiditate molestiae commodi! Distinctio praesentium, debitis aut minima doloribus earum quia commodi."
        }
    }
]
