[
    {
        "model": "official.brand",
        "pk": 4,
        "fields": {
            "image": "Brand/real.jpg",
            "name": "RealMe",
            "slug": "realme"
        }
    },
    {
        "model": "official.brand",
        "pk": 9,
        "fields": {
            "image": "Brand/apple.jpg",
            "name": "Apple",
            "slug": "apple"
        }
    },
    {
        "model": "official.brand",
        "pk": 11,
        "fields": {
            "image": "Brand/iqoo.jpg",
            "name": "Iqoo",
            "slug": "iqoo"
        }
    },
    {
        "model": "official.brand",
        "pk": 12,
        "fields": {
            "image": "Brand/mi.jpg",
            "name": "mi",
            "slug": "mi"
        }
    },
    {
        "model": "official.brand",
        "pk": 13,
        "fields": {
            "image": "Brand/lenovo.jpg",
            "name": "lenovo",
            "slug": "lenovo"
        }
    },
    {
        "model": "official.brand",
        "pk": 15,
        "fields": {
            "image": "Brand/honor.jpg",
            "name": "HONOR",
            "slug": "honor"
        }
    },
    {
        "model": "official.brand",
        "pk": 16,
        "fields": {
            "image": "Brand/nok.jpg",
            "name": "Nokia",
            "slug": "nokia"
        }
    },
    {
        "model": "official.brand",
        "pk": 17,
        "fields": {
            "image": "Brand/one.jpg",
            "name": "Oneplus",
            "slug": "oneplus"
        }
    },
    {
        "model": "official.brand",
        "pk": 18,
        "fields": {
            "image": "Brand/sam.jpg",
            "name": "Samsung",
            "slug": "samsung"
        }
    },
    {
        "model": "official.brand",
        "pk": 19,
        "fields": {
            "image": "Brand/oppo.jpg",
            "name": "Oppo",
            "slug": "oppo"
        }
    },
    {
        "model": "official.brand",
        "pk": 21,
        "fields": {
            "image": "Brand/moto.jpg",
            "name": "Motorola",
            "slug": "motorola"
        }
    },
    {
        "model": "official.brand",
        "pk": 22,
        "fields": {
            "image": "Brand/vivo.jpg",
            "name": "Vivo",
            "slug": "vivo"
        }
    },
    {
        "model": "official.brand",
        "pk": 23,
        "fields": {
            "image": "Brand/nothing.jpg",
            "name": "Nothing",
            "slug": "nothing"
        }
    },
    {
        "model": "official.brand",
        "pk": 24,
        "fields": {
            "image": "Brand/google_29yozRA.jpg",
            "name": "Google",
            "slug": "google"
        }
    },
    {
        "model": "official.brand",
        "pk": 25,
        "fields": {
            "image": "Brand/poco.jpg",
            "name": "Poco",
            "slug": "poco"
        }
    },
    {
        "model": "official.questionoption",
        "pk": 26,
        "fields": {
            "question": 102,
            "image": "",
            "text": "Yes",
            "identifier": "With Valid Bill"
        }
    },
    {
        "model": "official.questionoption",
        "pk": 27,
        "fields": {
            "question": 102,
            "image": "",
            "text": "No",
            "identifier": "Without Bill"
        }
    },
    {
        "model": "official.questionoption",
        "pk": 28,
        "fields": {
            "question": 98,
            "image": "",
            "text": "Yes",
            "identifier": "Able to make and receive calls"
        }
    },
    {
        "model": "official.questionoption",
        "pk": 29,
        "fields": {
            "question": 98,
            "image": "",
            "text": "No",
            "identifier": "Not Able to make and receive calls"
        }
    },
    {
        "model": "official.questionoption",
        "pk": 30,
        "fields": {
            "question": 101,
            "image": "",
            "text": "Yes",
            "identifier": "Under Warranty"
        }
    },
    {
        "model": "official.questionoption",
        "pk": 31,
        "fields": {
            "question": 101,
            "image": "",
            "text": "No",
            "identifier": "Not Under Warranty"
        }
    },
    {
        "model": "official.questionoption",
        "pk": 32,
        "fields": {
            "question": 100,
            "image": "",
            "text": "Yes",
            "identifier": "Original Screen"
        }
    },
    {
        "model": "official.questionoption",
        "pk": 33,
        "fields": {
            "question": 100,
            "image": "",
            "text": "No",
            "identifier": "Not Original Screen"
        }
    },
    {
        "model": "official.questionoption",
        "pk": 34,
        "fields": {
            "question": 99,
            "image": "",
            "text": "Yes",
            "identifier": "Touch Working"
        }
    },
    {
        "model": "official.questionoption",
        "pk": 35,
        "fields": {
            "question": 99,
            "image": "",
            "text": "No",
            "identifier": "Touch Faulty"
        }
    },
    {
        "model": "official.questionoption",
        "pk": 36,
        "fields": {
            "question": 103,
            "image": "Question Image/62a31a9a6c17e.png",
            "text": "Broken/scratch on device screen",
            "identifier": "Broken/scratch on device screen"
        }
    },
    {
        "model": "official.questionoption",
        "pk": 37,
        "fields": {
            "question": 103,
            "image": "Question Image/62a31ad88c473.png",
            "text": "Dead spot/visible lines on screen",
            "identifier": "Dead spot/visible lines on screen"
        }
    },
    {
        "model": "official.questionoption",
        "pk": 38,
        "fields": {
            "question": 103,
            "image": "Question Image/62a31b0b3b18d.png",
            "text": "Scratch/Dent on device body",
            "identifier": "Scratch/Dent on device body"
        }
    },
    {
        "model": "official.questionoption",
        "pk": 39,
        "fields": {
            "question": 103,
            "image": "Question Image/62a87a14b538f.png",
            "text": "Device panel missing/broken",
            "identifier": "Device panel missing/broken"
        }
    },
    {
        "model": "official.question",
        "pk": 98,
        "fields": {
            "question_type": "Objective",
            "question": "Are you able to make and receive calls?",
            "subtext": "Check your device for cellular network connectivity issues."
        }
    },
    {
        "model": "official.question",
        "pk": 99,
        "fields": {
            "question_type": "Objective",
            "question": "Is your device's touch screen working properly?",
            "subtext": "Check the touch screen functionality of your phone."
        }
    },
    {
        "model": "official.question",
        "pk": 100,
        "fields": {
            "question_type": "Objective",
            "question": "Is your phone's screen original?",
            "subtext": "Pick \"Yes\" if screen was never changed or was changed by Authorized Service Center. Pick \"No\" if screen was changed at local shop."
        }
    },
    {
        "model": "official.question",
        "pk": 101,
        "fields": {
            "question_type": "Objective",
            "question": "Is your device under brand warranty?",
            "subtext": "You can get a better price for your device if it's under brand's warranty with a valid bill."
        }
    },
    {
        "model": "official.question",
        "pk": 102,
        "fields": {
            "question_type": "Objective",
            "question": "Do you have valid bill with same IMEI?",
            "subtext": "Make sure your bill has device IMEI mentioned on it."
        }
    },
    {
        "model": "official.question",
        "pk": 103,
        "fields": {
            "question_type": "MCQ",
            "question": "Select screen/body defects that are applicable!",
            "subtext": null
        }
    },
    {
        "model": "main.bannerimage",
        "pk": 1,
        "fields": {
            "name": "Banner 2",
            "image": "banners/b1.jpg"
        }
    },
    {
        "model": "main.bannerimage",
        "pk": 2,
        "fields": {
            "name": "Banner 1",
            "image": "banners/b2.jpg"
        }
    },
    {
        "model": "main.offer",
        "pk": 1,
        "fields": {
            "offer": "offers/bnre1.jpg"
        }
    },
    {
        "model": "main.offer",
        "pk": 2,
        "fields": {
            "offer": "offers/bnre2.jpg"
        }
    },
    {
        "model": "main.offer",
        "pk": 3,
        "fields": {
            "offer": "offers/bnre2_lZYYLGp.jpg"
        }
    },
    {
        "model": "main.team",
        "pk": 1,
        "fields": {
            "image": "team/photo-1495603889488-42d1d66e5523.jpeg",
            "name": "Alex Carry",
            "designation": "CFO",
            "description": "Lorem ipsum dolor sit amet consectetur adipisicing elit. Amet nemo harum repellendus aut itaque. Temporibus quaerat dolores ut, cupiditate molestiae commodi! Distinctio praesentium, debitis aut minima doloribus earum quia commodi."
        }
    },
    {
        "model": "main.team",
        "pk": 2,
        "fields": {
            "image": "team/photo-1495603889488-42d1d66e5523_c3d9r0u.jpeg",
            "name": "John Smith",
            "designation": "CFO",
            "description": "Lorem ipsum dolor sit amet consectetur adipisicing elit. Amet nemo harum repellendus aut itaque. Temporibus quaerat dolores ut, cupiditate molestiae commodi! Distinctio praesentium, debitis aut minima doloribus earum quia commodi."
        }
    },
    {
        "model": "main.team",
        "pk": 3,
        "fields": {
            "image": "team/photo-1495603889488-42d1d66e5523_dQgkHs7.jpeg",
            "name": "George Alex",
            "designation": "CFO",
            "description": "Lorem ipsum dolor sit amet consectetur adipisicing elit. Amet nemo harum repellendus aut itaque. Temporibus quaerat dolores ut, cupiditate molestiae commodi! Distinctio praesentium, debitis aut minima doloribus earum quia commodi."
        }
    }
]
