[{"model": "sessions.session", "pk": "u6d1h2pmvr3crr4ksw6322r3k959lqj7", "fields": {"session_data": ".eJxVjEEOwiAQRe_C2pBSKAwu3fcMZIYBqRqalHZlvLtt0oVu_3vvv0XAbS1ha2kJE4ur0EpcfkfC-Ez1IPzAep9lnOu6TCQPRZ60yXHm9Lqd7t9BwVb22nTeKJMZ9IDG2cgD9JGcTy5DF7XbWaKswVqjomeFyhskCzkBE_QsPl_3gDgg:1pB1oi:rjjuYL4TLWUB0_-7HQR9bosricAGwSo8jOZ0TZoquL0", "expire_date": "2023-01-12T22:56:04.167Z"}}, {"model": "official.user", "pk": 1, "fields": {"password": "pbkdf2_sha256$390000$ZfPcaPpdiFCioGeUTKXTkO$r1v7Mpr7+DmFGtLbEuFwVLmd78WKniQZjaVPbzQw4po=", "last_login": "2022-12-29T15:26:51.088Z", "is_superuser": true, "first_name": "", "last_name": "", "date_joined": "2022-11-04T04:35:51Z", "email": "", "phone_number": "1234", "franchise": null, "pickup_boy": null, "customer": null, "is_franchise": false, "is_pickupboy": false, "is_customer": false, "is_active": true, "is_staff": true, "groups": [], "user_permissions": []}}, {"model": "official.user", "pk": 16, "fields": {"password": "pbkdf2_sha256$390000$blRlJz8m84OX1MZkeWHW0r$9H+TEDt15uJsjXiJOlu617RJBD7fjH9B2RVxSNPg84g=", "last_login": "2022-12-16T06:06:08.421Z", "is_superuser": false, "first_name": "", "last_name": "", "date_joined": "2022-11-12T05:41:21.003Z", "email": "admin@gmail.com", "phone_number": "+918547768153", "franchise": null, "pickup_boy": null, "customer": 10, "is_franchise": false, "is_pickupboy": false, "is_customer": true, "is_active": true, "is_staff": false, "groups": [], "user_permissions": []}}, {"model": "official.user", "pk": 28, "fields": {"password": "pbkdf2_sha256$390000$B2L2mqoAUk7vYPytjkPU2i$bnZGyb9DFSzSvNjJrM0fvL4rFw3s9URs1JY/TIjRK90=", "last_login": "2022-12-29T15:25:57.067Z", "is_superuser": false, "first_name": "", "last_name": "", "date_joined": "2022-11-23T04:28:02.731Z", "email": null, "phone_number": "09876", "franchise": 10, "pickup_boy": null, "customer": null, "is_franchise": true, "is_pickupboy": false, "is_customer": false, "is_active": true, "is_staff": false, "groups": [], "user_permissions": []}}, {"model": "official.user", "pk": 29, "fields": {"password": "pbkdf2_sha256$390000$PCQgpfjhdIn4aGxJaDYkGv$N984YDO7qNznSGZY1AjPdkx8WqrJga04RSTnMlZelFg=", "last_login": "2022-12-29T07:25:10.776Z", "is_superuser": false, "first_name": "", "last_name": "", "date_joined": "2022-11-23T04:36:16.109Z", "email": null, "phone_number": "56789", "franchise": null, "pickup_boy": 13, "customer": null, "is_franchise": false, "is_pickupboy": true, "is_customer": false, "is_active": true, "is_staff": false, "groups": [], "user_permissions": []}}, {"model": "official.user", "pk": 30, "fields": {"password": "pbkdf2_sha256$390000$hmCQ1teBji6rBarg5rOfBD$az55rOyRdzgEyiLeqN+1Cnrpcz9khd2DdtCKJ4Vtdf4=", "last_login": null, "is_superuser": false, "first_name": "", "last_name": "", "date_joined": "2022-11-23T11:19:15.316Z", "email": null, "phone_number": "98765", "franchise": 11, "pickup_boy": null, "customer": null, "is_franchise": true, "is_pickupboy": false, "is_customer": false, "is_active": true, "is_staff": false, "groups": [], "user_permissions": []}}, {"model": "official.user", "pk": 31, "fields": {"password": "pbkdf2_sha256$390000$ydTXz4apTnh9LlnSY1gGDM$DN+lOKG+IzdKbZKrZMK9FTyrs1JKYOs2q4n4vaRQHNI=", "last_login": "2022-12-29T22:56:04.137Z", "is_superuser": true, "first_name": "", "last_name": "", "date_joined": "2022-12-29T22:48:06.585Z", "email": null, "phone_number": "9876543210", "franchise": null, "pickup_boy": null, "customer": null, "is_franchise": false, "is_pickupboy": false, "is_customer": false, "is_active": true, "is_staff": true, "groups": [], "user_permissions": []}}, {"model": "official.franchise", "pk": 10, "fields": {"franchise_id": "01", "name": "calicut", "email": "viveknhc@gmail.com", "phone": "09876", "photo": "franchise/bang.png", "address": "address", "password": "12345"}}, {"model": "official.franchise", "pk": 11, "fields": {"franchise_id": "56789", "name": "realme 2", "email": "viveknhc@gmail.com", "phone": "98765", "photo": "franchise/banner-10_iwHpLnK.jpg", "address": "yyt", "password": "12345"}}, {"model": "official.pickupboy", "pk": 13, "fields": {"franchise": 10, "pickup_id": "02", "name": "shilpa", "email": "shilpasasidharan97@gmail.com", "phone": "56789", "photo": "franchise/menu-banner-8.jpg", "place": "QABwzSdivI", "address": "LxmADVrwHb", "password": "12345"}}, {"model": "official.customerregistration", "pk": 1, "fields": {"name": "vivek", "email": "viveknhc@gmail.com", "phone_number": "+918547768153", "password": "1234"}}, {"model": "official.customerregistration", "pk": 2, "fields": {"name": "shilpa", "email": "shilpasasidharan97@gmail.com", "phone_number": "+918547768153", "password": "12"}}, {"model": "official.customerregistration", "pk": 3, "fields": {"name": "shilpa", "email": "shilpasasidharan97@gmail.com", "phone_number": "+918547768153", "password": "12"}}, {"model": "official.customerregistration", "pk": 4, "fields": {"name": "vivek", "email": "shilpasasidharan97@gmail.com", "phone_number": "+918547768153", "password": "12"}}, {"model": "official.customerregistration", "pk": 5, "fields": {"name": "vivek", "email": "shilpasasidharan97@gmail.com", "phone_number": "+918547768153", "password": "123"}}, {"model": "official.customerregistration", "pk": 6, "fields": {"name": "vivek", "email": "viveknhc@gmail.com", "phone_number": "+918547768153", "password": "12"}}, {"model": "official.customerregistration", "pk": 7, "fields": {"name": "swathi", "email": "viveknhc@gmail.com", "phone_number": "8547768153+91", "password": "1234"}}, {"model": "official.customerregistration", "pk": 8, "fields": {"name": "vivek", "email": "viveknhc@gmail.com", "phone_number": "8547768153+91", "password": "12"}}, {"model": "official.customerregistration", "pk": 9, "fields": {"name": "vivek", "email": "viveknhc@gmail.com", "phone_number": "+918547768153", "password": "12"}}, {"model": "official.customerregistration", "pk": 10, "fields": {"name": "aswandh", "email": "admin@gmail.com", "phone_number": "+918547768153", "password": "12"}}, {"model": "official.customerprofile", "pk": 9, "fields": {"user": 16, "auth_token": "HGY2KKMSQS63O6YXGMKJDRSY2HCUVTD4", "test_id": "75b933d5-8b10-4332-bb39-1f189795d08e", "forget_password_token": ""}}, {"model": "official.brand", "pk": 4, "fields": {"image": "Brand/real.jpg", "name": "RealMee"}}, {"model": "official.brand", "pk": 9, "fields": {"image": "Brand/apple_vLWA1tF.jpg", "name": "Apple"}}, {"model": "official.brand", "pk": 10, "fields": {"image": "Brand/hp.jpg", "name": "Mi"}}, {"model": "official.brand", "pk": 11, "fields": {"image": "Brand/iqoo.jpg", "name": "Iqoo"}}, {"model": "official.brand", "pk": 12, "fields": {"image": "Brand/hp_uDLv5R8.jpg", "name": "mi"}}, {"model": "official.brand", "pk": 13, "fields": {"image": "Brand/lenovo.jpg", "name": "lenovo"}}, {"model": "official.brand", "pk": 14, "fields": {"image": "Brand/iqoo_wuttmKw.jpg", "name": "iqoo"}}, {"model": "official.brand", "pk": 15, "fields": {"image": "Brand/honor.jpg", "name": "honor"}}, {"model": "official.brandmodel", "pk": 6, "fields": {"brand": 4, "image": "Brand Model/mob_3.jpg", "name": "realme 1"}}, {"model": "official.brandmodel", "pk": 7, "fields": {"brand": 4, "image": "Brand Model/iphone6_9V5gFvs.png", "name": "realme 2"}}, {"model": "official.brandmodel", "pk": 8, "fields": {"brand": 9, "image": "Brand Model/phone.jpeg", "name": "iphone 13"}}, {"model": "official.modelspecifications", "pk": 7, "fields": {"brand_model": 6, "RAM": "8", "color": "red", "internal_storage": "128", "year": 2022, "price": 20000.0}}, {"model": "official.modelspecifications", "pk": 8, "fields": {"brand_model": 6, "RAM": "12", "color": "yellow", "internal_storage": "256", "year": 2022, "price": 2555.0}}, {"model": "official.modelspecifications", "pk": 9, "fields": {"brand_model": 8, "RAM": "32", "color": "yellow", "internal_storage": "256", "year": 2021, "price": 20000.0}}, {"model": "official.modelspecifications", "pk": 10, "fields": {"brand_model": 8, "RAM": "32", "color": "333", "internal_storage": "256", "year": 333, "price": 333.0}}, {"model": "official.devicetype", "pk": 1, "fields": {"device_type": "Mobile"}}, {"model": "official.devicetype", "pk": 2, "fields": {"device_type": "TV"}}, {"model": "official.devicetype", "pk": 3, "fields": {"device_type": "Laptop"}}, {"model": "official.franchisewallet", "pk": 10, "fields": {"franchise": 10, "wallet_amount": 4027.0, "last_paid_amount": 1.0, "date": "2022-12-07T09:23:05.913Z"}}, {"model": "official.adminsendrecord", "pk": 51, "fields": {"franchise": 10, "amount": 1.0, "date": "2022-12-01"}}, {"model": "official.adminsendrecord", "pk": 52, "fields": {"franchise": 10, "amount": 4000.0, "date": "2022-12-01"}}, {"model": "official.adminsendrecord", "pk": 53, "fields": {"franchise": 10, "amount": 12.0, "date": "2022-12-07"}}, {"model": "official.adminsendrecord", "pk": 54, "fields": {"franchise": 10, "amount": 12.0, "date": "2022-12-07"}}, {"model": "official.adminsendrecord", "pk": 55, "fields": {"franchise": 10, "amount": 1.0, "date": "2022-12-07"}}, {"model": "official.adminsendrecord", "pk": 56, "fields": {"franchise": 10, "amount": 1.0, "date": "2022-12-07"}}, {"model": "official.bannerimage", "pk": 1, "fields": {"banner": "gallery/b1.jpg"}}, {"model": "official.bannerimage", "pk": 2, "fields": {"banner": "gallery/b2.jpg"}}, {"model": "official.offer", "pk": 1, "fields": {"offer": "gallery/bnre1.jpg"}}, {"model": "official.offer", "pk": 2, "fields": {"offer": "gallery/bnre2.jpg"}}, {"model": "official.questionoption", "pk": 26, "fields": {"question": 102, "image": "", "text": "Yes", "identifier": "With Valid Bill"}}, {"model": "official.questionoption", "pk": 27, "fields": {"question": 102, "image": "", "text": "No", "identifier": "Without Bill"}}, {"model": "official.questionoption", "pk": 28, "fields": {"question": 98, "image": "", "text": "Yes", "identifier": "Able to make and receive calls"}}, {"model": "official.questionoption", "pk": 29, "fields": {"question": 98, "image": "", "text": "No", "identifier": "Not Able to make and receive calls"}}, {"model": "official.questionoption", "pk": 30, "fields": {"question": 101, "image": "", "text": "Yes", "identifier": "Under Warranty"}}, {"model": "official.questionoption", "pk": 31, "fields": {"question": 101, "image": "", "text": "No", "identifier": "Not Under Warranty"}}, {"model": "official.questionoption", "pk": 32, "fields": {"question": 100, "image": "", "text": "Yes", "identifier": "Original Screen"}}, {"model": "official.questionoption", "pk": 33, "fields": {"question": 100, "image": "", "text": "No", "identifier": "Not Original Screen"}}, {"model": "official.questionoption", "pk": 34, "fields": {"question": 99, "image": "", "text": "Yes", "identifier": "Touch Working"}}, {"model": "official.questionoption", "pk": 35, "fields": {"question": 99, "image": "", "text": "No", "identifier": "Touch Faulty"}}, {"model": "official.questionoption", "pk": 36, "fields": {"question": 103, "image": "Question Image/62a31a9a6c17e.png", "text": "Broken/scratch on device screen", "identifier": "Broken/scratch on device screen"}}, {"model": "official.questionoption", "pk": 37, "fields": {"question": 103, "image": "Question Image/62a31ad88c473.png", "text": "Dead spot/visible lines on screen", "identifier": "Dead spot/visible lines on screen"}}, {"model": "official.questionoption", "pk": 38, "fields": {"question": 103, "image": "Question Image/62a31b0b3b18d.png", "text": "Scratch/Dent on device body", "identifier": "Scratch/Dent on device body"}}, {"model": "official.questionoption", "pk": 39, "fields": {"question": 103, "image": "Question Image/62a87a14b538f.png", "text": "Device panel missing/broken", "identifier": "Device panel missing/broken"}}, {"model": "official.question", "pk": 98, "fields": {"question_type": "Objective", "question": "Are you able to make and receive calls?", "subtext": "Check your device for cellular network connectivity issues."}}, {"model": "official.question", "pk": 99, "fields": {"question_type": "Objective", "question": "Is your device's touch screen working properly?", "subtext": "Check the touch screen functionality of your phone."}}, {"model": "official.question", "pk": 100, "fields": {"question_type": "Objective", "question": "Is your phone's screen original?", "subtext": "Pick \"Yes\" if screen was never changed or was changed by Authorized Service Center. Pick \"No\" if screen was changed at local shop."}}, {"model": "official.question", "pk": 101, "fields": {"question_type": "Objective", "question": "Is your device under brand warranty?", "subtext": "You can get a better price for your device if it's under brand's warranty with a valid bill."}}, {"model": "official.question", "pk": 102, "fields": {"question_type": "Objective", "question": "Do you have valid bill with same IMEI?", "subtext": "Make sure your bill has device IMEI mentioned on it."}}, {"model": "official.question", "pk": 103, "fields": {"question_type": "MCQ", "question": "Select screen/body defects that are applicable!", "subtext": null}}, {"model": "official.userrequest", "pk": 1, "fields": {"user": 16, "phonemodel": 7, "date": "2023-01-03T11:57:41.969Z", "final_amount": 0.0, "is_submitted": false}}, {"model": "official.userrequest", "pk": 2, "fields": {"user": 31, "phonemodel": 8, "date": "2023-01-03T12:10:50.138Z", "final_amount": 0.0, "is_submitted": false}}, {"model": "official.userrequest", "pk": 3, "fields": {"user": 31, "phonemodel": 7, "date": "2023-01-03T15:11:40.431Z", "final_amount": 0.0, "is_submitted": false}}, {"model": "official.userreply", "pk": 9, "fields": {"question": 98, "user_request": 3, "option": 28}}, {"model": "official.userreply", "pk": 10, "fields": {"question": 99, "user_request": 3, "option": 34}}, {"model": "official.userreply", "pk": 11, "fields": {"question": 100, "user_request": 3, "option": 33}}, {"model": "official.userreply", "pk": 12, "fields": {"question": 101, "user_request": 3, "option": 31}}, {"model": "official.userreply", "pk": 13, "fields": {"question": 102, "user_request": 3, "option": 27}}, {"model": "official.userreply", "pk": 14, "fields": {"question": 103, "user_request": 3, "option": 39}}]